date,open,high,low,close,volume,name
2013-02-08,39.55,40.1,39.4599,39.77,1398629,KMX
2013-02-11,40.0,40.02,39.44,39.61,982774,KMX
2013-02-12,39.55,39.65,39.34,39.62,1081139,KMX
2013-02-13,39.62,39.91,39.21,39.4,1165435,KMX
2013-02-14,39.23,39.95,39.17,39.72,1141655,KMX
2013-02-15,39.67,40.18,39.05,39.36,1999908,KMX
2013-02-19,39.51,40.16,39.36,40.05,1939317,KMX
2013-02-20,40.08,40.1,39.38,39.48,1680520,KMX
2013-02-21,39.33,39.33,38.43,38.5,1407771,KMX
2013-02-22,38.64,38.95,38.51,38.92,813139,KMX
2013-02-25,39.11,39.87,38.21,38.24,2636373,KMX
2013-02-26,38.35,38.58,37.805,38.32,1264083,KMX
2013-02-27,38.25,38.74,38.24,38.59,1207687,KMX
2013-02-28,38.62,39.08,38.4,38.41,1393890,KMX
2013-03-01,38.15,38.67,38.13,38.38,1179907,KMX
2013-03-04,38.42,39.95,38.39,39.41,1625045,KMX
2013-03-05,39.61,40.36,39.61,40.24,998744,KMX
2013-03-06,40.4,41.65,40.34,40.65,2321892,KMX
2013-03-07,40.73,41.0,40.57,40.91,1091930,KMX
2013-03-08,41.15,41.44,40.86,41.41,1073426,KMX
2013-03-11,41.29,41.55,41.18,41.37,1177780,KMX
2013-03-12,41.35,41.55,41.11,41.22,929666,KMX
2013-03-13,41.26,41.69,41.135,41.33,1037278,KMX
2013-03-14,41.39,41.5899,41.2,41.47,699148,KMX
2013-03-15,41.3,41.94,40.9,41.66,1709235,KMX
2013-03-18,41.33,41.815,41.21,41.56,1078886,KMX
2013-03-19,41.58,41.77,40.79,41.04,1098675,KMX
2013-03-20,41.31,41.765,40.83,41.07,1550416,KMX
2013-03-21,40.9,41.08,40.105,40.18,1092038,KMX
2013-03-22,40.37,40.52,40.14,40.35,952049,KMX
2013-03-25,40.5,40.66,40.21,40.31,807096,KMX
2013-03-26,40.46,40.8678,40.33,40.84,927815,KMX
2013-03-27,40.63,41.16,40.4,41.12,885005,KMX
2013-03-28,41.14,41.72,41.04,41.7,1659435,KMX
2013-04-01,41.67,41.84,40.94,41.18,1469560,KMX
2013-04-02,41.5,41.81,41.3,41.49,1500246,KMX
2013-04-03,42.0,42.449,40.7,40.7,2686320,KMX
2013-04-04,40.53,41.11,40.48,41.11,1160189,KMX
2013-04-05,40.59,41.43,40.34,41.35,1079639,KMX
2013-04-08,41.37,42.45,41.37,42.38,1486076,KMX
2013-04-09,42.56,42.785,41.6,41.68,2022985,KMX
2013-04-10,42.07,43.42,41.75,43.31,3658350,KMX
2013-04-11,43.72,45.28,43.72,45.2,2923510,KMX
2013-04-12,44.53,44.53,43.59,43.99,2763085,KMX
2013-04-15,43.85,43.91,42.09,42.09,2683473,KMX
2013-04-16,42.48,42.72,42.1,42.45,2820785,KMX
2013-04-17,42.03,42.03,40.52,41.53,4117496,KMX
2013-04-18,41.73,41.92,40.68,41.17,2312511,KMX
2013-04-19,41.37,42.79,40.93,42.76,3387903,KMX
2013-04-22,42.88,43.43,42.48,43.39,1938747,KMX
2013-04-23,43.73,44.165,43.5,44.1,1714954,KMX
2013-04-24,44.29,44.61,43.96,44.49,1267260,KMX
2013-04-25,44.76,45.3,44.76,45.0,2351426,KMX
2013-04-26,45.0,45.06,44.59,44.82,925183,KMX
2013-04-29,45.0,45.16,44.77,45.12,1682777,KMX
2013-04-30,45.96,46.84,45.75,46.04,3733530,KMX
2013-05-01,45.82,46.16,45.14,45.2,1609220,KMX
2013-05-02,45.32,46.04,45.1,46.0,1100007,KMX
2013-05-03,46.47,46.66,45.98,46.23,1468033,KMX
2013-05-06,46.22,46.43,45.93,46.25,1075892,KMX
2013-05-07,46.18,46.86,45.8,46.82,1163362,KMX
2013-05-08,46.66,47.14,46.56,47.09,1223411,KMX
2013-05-09,47.04,47.22,46.56,47.11,967018,KMX
2013-05-10,47.18,47.51,46.72,46.98,1127217,KMX
2013-05-13,46.88,47.21,46.65,47.07,915501,KMX
2013-05-14,47.36,48.22,47.36,48.07,1390290,KMX
2013-05-15,48.01,48.71,47.975,48.42,1472447,KMX
2013-05-16,48.3,48.86,47.57,47.72,1638942,KMX
2013-05-17,47.87,48.71,47.78,48.67,1062912,KMX
2013-05-20,47.84,48.02,47.5001,47.84,1973230,KMX
2013-05-21,47.91,48.54,47.84,48.28,1326978,KMX
2013-05-22,48.27,48.63,47.13,47.42,1106886,KMX
2013-05-23,46.92,47.14,46.5,47.05,1258381,KMX
2013-05-24,46.67,47.005,46.43,46.71,1619929,KMX
2013-05-28,47.42,48.104,46.84,46.94,1726712,KMX
2013-05-29,46.59,46.94,46.31,46.67,1289723,KMX
2013-05-30,46.99,47.45,46.72,46.91,1470617,KMX
2013-05-31,46.82,47.68,46.61,46.77,1661051,KMX
2013-06-03,46.7,46.9,45.691,46.89,1284197,KMX
2013-06-04,46.78,47.56,45.83,46.12,1540292,KMX
2013-06-05,46.05,46.45,45.365,45.53,1228195,KMX
2013-06-06,45.59,46.55,45.37,46.53,1327050,KMX
2013-06-07,46.89,47.24,46.69,47.2,1337055,KMX
2013-06-10,47.2,47.4462,46.7,47.09,1458434,KMX
2013-06-11,46.61,46.77,46.08,46.6,1086741,KMX
2013-06-12,46.96,47.1,45.85,45.88,782848,KMX
2013-06-13,45.85,47.09,45.78,46.99,993209,KMX
2013-06-14,46.82,47.31,46.37,46.41,1145091,KMX
2013-06-17,46.88,47.33,46.69,47.12,1118572,KMX
2013-06-18,47.18,48.3,46.81,48.21,1120866,KMX
2013-06-19,48.22,48.41,47.44,47.47,1211154,KMX
2013-06-20,47.07,47.19,44.25,44.57,3443000,KMX
2013-06-21,47.6,48.1,42.21,44.59,8563397,KMX
2013-06-24,44.0,44.71,43.42,43.99,2270501,KMX
2013-06-25,44.37,44.74,44.04,44.36,1715015,KMX
2013-06-26,44.94,45.98,44.87,45.89,2230614,KMX
2013-06-27,46.26,46.84,46.22,46.7,1482350,KMX
2013-06-28,46.6,46.89,46.16,46.16,2662758,KMX
2013-07-01,46.66,47.14,46.265,46.69,1324531,KMX
2013-07-02,46.66,47.24,46.28,46.52,837284,KMX
2013-07-03,46.37,46.99,46.28,46.8,481736,KMX
2013-07-05,47.16,47.48,46.65,47.33,578057,KMX
2013-07-08,47.84,48.64,47.79,48.08,1274814,KMX
2013-07-09,48.43,48.88,48.129,48.67,1069713,KMX
2013-07-10,48.64,48.659,47.99,48.53,1190223,KMX
2013-07-11,49.24,49.24,48.31,48.43,1111852,KMX
2013-07-12,48.45,48.71,47.95,48.0,1237278,KMX
2013-07-15,47.99,48.44,47.665,47.73,1110191,KMX
2013-07-16,47.84,47.99,47.25,47.63,963269,KMX
2013-07-17,47.85,47.99,47.58,47.86,655129,KMX
2013-07-18,47.89,48.36,47.86,47.99,701666,KMX
2013-07-19,48.04,48.11,47.81,47.84,730389,KMX
2013-07-22,47.9,48.46,47.82,48.39,598420,KMX
2013-07-23,48.45,48.87,47.88,48.05,609377,KMX
2013-07-24,48.19,48.3,47.02,47.17,986387,KMX
2013-07-25,47.01,47.39,46.49,46.75,1431569,KMX
2013-07-26,46.55,47.81,46.51,47.78,903386,KMX
2013-07-29,47.67,47.94,47.45,47.66,518445,KMX
2013-07-30,47.93,48.31,47.78,48.26,886353,KMX
2013-07-31,48.4,49.81,48.4,49.04,1619201,KMX
2013-08-01,49.51,49.8401,49.38,49.73,1030612,KMX
2013-08-02,49.5,49.57,48.95,49.57,883445,KMX
2013-08-05,49.46,49.63,49.24,49.4,742681,KMX
2013-08-06,49.39,49.51,48.82,49.24,769010,KMX
2013-08-07,49.1,49.13,48.23,48.34,693494,KMX
2013-08-08,48.66,49.36,48.35,49.27,1012421,KMX
2013-08-09,49.17,49.69,48.971,49.38,785275,KMX
2013-08-12,49.07,49.65,48.81,49.51,660664,KMX
2013-08-13,49.59,50.0,49.29,49.74,521308,KMX
2013-08-14,49.59,49.999,49.56,49.61,541741,KMX
2013-08-15,49.12,49.17,48.0499,48.08,673148,KMX
2013-08-16,47.89,48.431,47.48,47.48,918663,KMX
2013-08-19,47.5,47.88,47.12,47.19,823629,KMX
2013-08-20,47.26,48.41,47.26,48.28,663115,KMX
2013-08-21,48.08,48.415,47.51,47.86,636174,KMX
2013-08-22,47.87,48.81,47.712,48.55,723461,KMX
2013-08-23,48.75,48.9,48.33,48.86,639417,KMX
2013-08-26,48.86,49.4,48.8,48.84,685311,KMX
2013-08-27,48.09,48.17,47.31,47.34,697360,KMX
2013-08-28,47.34,47.95,47.16,47.72,413287,KMX
2013-08-29,47.49,48.3,47.25,48.05,404460,KMX
2013-08-30,48.08,48.21,47.31,47.56,614806,KMX
2013-09-03,48.25,48.72,47.595,48.02,606576,KMX
2013-09-04,48.15,49.23,47.835,49.05,887068,KMX
2013-09-05,49.05,50.64,48.91,49.99,1854694,KMX
2013-09-06,50.22,51.72,49.94,51.21,2005465,KMX
2013-09-09,51.31,51.48,50.73,51.35,1077540,KMX
2013-09-10,51.73,52.27,51.54,52.05,1305681,KMX
2013-09-11,52.16,52.25,51.73,51.76,954746,KMX
2013-09-12,51.62,51.78,50.94,51.12,821923,KMX
2013-09-13,51.24,51.44,51.04,51.08,554615,KMX
2013-09-16,51.72,51.81,50.78,50.92,1109827,KMX
2013-09-17,50.89,51.2,50.64,50.98,1062387,KMX
2013-09-18,51.07,51.35,50.31,51.13,1754061,KMX
2013-09-19,51.32,51.55,51.18,51.25,1378788,KMX
2013-09-20,51.4,51.88,51.05,51.19,1855369,KMX
2013-09-23,51.21,51.4,49.99,50.01,2399081,KMX
2013-09-24,52.0,52.47,50.21,51.79,4673881,KMX
2013-09-25,51.06,51.12,49.64,49.8,2113997,KMX
2013-09-26,49.8,50.02,49.2,49.49,1527374,KMX
2013-09-27,49.23,49.525,49.04,49.22,814560,KMX
2013-09-30,48.78,48.81,48.31,48.47,1871870,KMX
2013-10-01,48.57,49.145,48.465,48.8,1131512,KMX
2013-10-02,48.3,48.85,47.46,48.85,1538094,KMX
2013-10-03,48.85,49.05,47.88,48.04,1206204,KMX
2013-10-04,47.98,48.5,47.56,48.31,1220547,KMX
2013-10-07,48.48,49.37,48.28,48.28,2227870,KMX
2013-10-08,48.28,48.44,46.39,46.42,2417970,KMX
2013-10-09,46.6,46.74,45.91,46.27,1106644,KMX
2013-10-10,46.82,47.34,46.69,47.29,1021170,KMX
2013-10-11,47.34,47.95,47.02,47.93,1221745,KMX
2013-10-14,47.47,48.45,47.47,48.41,1479934,KMX
2013-10-15,48.25,48.34,47.35,47.5,1453963,KMX
2013-10-16,48.01,48.45,47.72,48.32,1224332,KMX
2013-10-17,48.11,48.95,48.03,48.87,1175799,KMX
2013-10-18,49.02,49.44,48.66,48.74,1041494,KMX
2013-10-21,48.54,48.76,47.98,48.75,1163845,KMX
2013-10-22,48.87,49.29,48.2,48.39,896405,KMX
2013-10-23,48.07,48.189,47.11,47.51,1016703,KMX
2013-10-24,47.5,48.06,47.4,47.79,869577,KMX
2013-10-25,47.8,48.0,47.29,47.76,865713,KMX
2013-10-28,47.75,47.78,47.18,47.53,1089139,KMX
2013-10-29,47.66,47.83,47.02,47.49,890314,KMX
2013-10-30,47.61,47.8,46.95,47.2,894097,KMX
2013-10-31,47.13,47.26,46.55,46.99,1415822,KMX
2013-11-01,47.01,48.18,47.01,47.82,1476831,KMX
2013-11-04,48.05,49.1,48.0,48.6,1268673,KMX
2013-11-05,48.21,49.25,48.1301,48.74,1248311,KMX
2013-11-06,48.89,49.17,48.32,48.83,788047,KMX
2013-11-07,49.12,49.24,47.46,47.52,1044904,KMX
2013-11-08,47.46,47.99,47.27,47.56,1038395,KMX
2013-11-11,47.46,48.79,47.17,48.76,1084360,KMX
2013-11-12,48.62,49.42,48.46,49.03,1319767,KMX
2013-11-13,48.82,49.72,48.63,49.71,1047094,KMX
2013-11-14,49.68,49.8,49.11,49.57,731868,KMX
2013-11-15,49.51,49.95,49.37,49.94,1330179,KMX
2013-11-18,50.0,50.37,49.01,49.1,1538788,KMX
2013-11-19,49.1,49.42,48.575,48.83,1144617,KMX
2013-11-20,48.84,49.26,48.48,48.63,1156793,KMX
2013-11-21,48.9,49.62,48.66,49.28,1103652,KMX
2013-11-22,49.3,49.74,49.1,49.69,925206,KMX
2013-11-25,50.0,50.5,49.95,50.09,978806,KMX
2013-11-26,50.01,50.82,49.962,50.11,1189635,KMX
2013-11-27,50.33,50.58,50.14,50.45,527081,KMX
2013-11-29,50.64,51.0,50.26,50.35,542541,KMX
2013-12-02,50.39,52.09,50.1,51.51,1752118,KMX
2013-12-03,51.3,51.68,50.685,51.17,1317185,KMX
2013-12-04,51.0,51.47,50.12,50.69,1514565,KMX
2013-12-05,50.7,51.45,50.44,50.8,936506,KMX
2013-12-06,51.4,51.49,50.55,51.2,1299450,KMX
2013-12-09,51.48,52.63,51.27,51.95,1518280,KMX
2013-12-10,51.94,52.5,51.87,52.09,1031856,KMX
2013-12-11,52.07,52.23,51.17,51.26,996909,KMX
2013-12-12,51.26,51.32,50.76,51.09,965230,KMX
2013-12-13,51.17,51.34,50.78,50.95,606387,KMX
2013-12-16,51.16,52.22,51.16,51.83,1112876,KMX
2013-12-17,51.93,51.93,51.32,51.75,895033,KMX
2013-12-18,51.73,52.63,51.28,52.52,1789050,KMX
2013-12-19,52.51,53.08,52.21,53.05,1630676,KMX
2013-12-20,50.25,50.67,47.515,48.08,8383475,KMX
2013-12-23,48.46,48.66,47.28,47.44,3418770,KMX
2013-12-24,47.71,47.82,46.9,47.6,1222753,KMX
2013-12-26,47.79,48.15,47.37,47.47,1270883,KMX
2013-12-27,47.49,47.49,46.8,46.93,1285959,KMX
2013-12-30,46.92,47.27,46.61,47.1,1318028,KMX
2013-12-31,47.1,47.235,46.68,47.02,1165103,KMX
2014-01-02,47.02,47.25,46.57,46.9,1325121,KMX
2014-01-03,46.84,46.91,46.11,46.44,1457796,KMX
2014-01-06,46.55,46.63,45.56,45.81,2399414,KMX
2014-01-07,46.44,46.45,44.63,45.34,4122684,KMX
2014-01-08,45.22,45.39,44.7,45.25,2674569,KMX
2014-01-09,45.35,45.7,44.97,45.1,2434251,KMX
2014-01-10,45.1,46.1,44.63,45.97,4279740,KMX
2014-01-13,45.7,45.97,45.12,45.22,2312135,KMX
2014-01-14,45.46,46.05,45.385,45.67,1578956,KMX
2014-01-15,45.7,45.77,44.765,44.86,2185781,KMX
2014-01-16,44.74,44.94,43.9,44.66,3553422,KMX
2014-01-17,44.78,45.31,44.68,45.19,2448611,KMX
2014-01-21,45.25,45.47,44.82,45.03,1445163,KMX
2014-01-22,45.03,45.2001,44.65,44.93,1667954,KMX
2014-01-23,44.75,45.01,44.57,44.77,3030668,KMX
2014-01-24,44.44,44.76,44.3301,44.57,2866786,KMX
2014-01-27,44.58,44.97,44.38,44.81,2505156,KMX
2014-01-28,44.72,45.055,44.66,44.95,1921323,KMX
2014-01-29,44.76,45.12,44.68,44.73,3499897,KMX
2014-01-30,44.97,45.19,44.77,45.05,1998881,KMX
2014-01-31,44.51,45.36,44.5,45.11,1896937,KMX
2014-02-03,45.37,46.9,45.29,45.76,5084520,KMX
2014-02-04,45.83,46.1,45.43,45.7,1943261,KMX
2014-02-05,45.38,46.32,45.1,46.2,1903198,KMX
2014-02-06,46.09,47.232,45.93,47.15,2010700,KMX
2014-02-07,47.22,47.55,47.07,47.54,1767623,KMX
2014-02-10,47.42,47.54,46.91,47.22,1419807,KMX
2014-02-11,47.04,47.645,47.02,47.52,1312994,KMX
2014-02-12,47.52,47.72,46.9,47.02,958156,KMX
2014-02-13,46.79,47.44,46.43,47.36,1189444,KMX
2014-02-14,47.32,47.61,47.171,47.29,923200,KMX
2014-02-18,47.29,47.64,47.08,47.23,1203307,KMX
2014-02-19,47.38,47.995,47.34,47.37,1279812,KMX
2014-02-20,47.39,47.71,46.9,47.33,1632260,KMX
2014-02-21,47.24,47.37,46.892,47.05,1993561,KMX
2014-02-24,47.05,48.08,47.05,47.89,1481510,KMX
2014-02-25,47.9,48.41,47.79,48.18,1022765,KMX
2014-02-26,48.26,48.58,47.9,48.29,1549634,KMX
2014-02-27,47.99,48.69,47.86,48.68,1300696,KMX
2014-02-28,48.63,48.75,48.1,48.43,920182,KMX
2014-03-03,47.96,48.32,47.69,48.13,821143,KMX
2014-03-04,48.64,49.44,48.64,49.43,1423916,KMX
2014-03-05,49.31,49.68,48.95,49.1,1308489,KMX
2014-03-06,49.15,49.235,48.645,48.95,1818666,KMX
2014-03-07,49.11,49.43,48.39,48.6,1796834,KMX
2014-03-10,48.6,49.05,48.3147,48.84,1879103,KMX
2014-03-11,48.89,49.04,48.48,48.53,1779651,KMX
2014-03-12,47.74,48.25,47.36,47.64,2333764,KMX
2014-03-13,47.87,48.15,46.94,47.14,1183254,KMX
2014-03-14,47.09,47.39,46.89,47.21,1544388,KMX
2014-03-17,47.48,47.79,47.36,47.56,941503,KMX
2014-03-18,47.55,48.01,47.53,47.91,841229,KMX
2014-03-19,48.01,48.29,47.02,47.35,1037336,KMX
2014-03-20,46.99,47.54,46.93,47.39,930330,KMX
2014-03-21,47.73,48.545,47.55,48.42,1988816,KMX
2014-03-24,48.5,48.6653,47.305,47.52,1183705,KMX
2014-03-25,47.73,47.77,46.41,46.54,1447825,KMX
2014-03-26,46.65,46.66,45.13,45.32,2600089,KMX
2014-03-27,45.37,45.56,44.9,45.45,1582500,KMX
2014-03-28,45.49,46.02,45.41,45.67,1101425,KMX
2014-03-31,45.81,47.2,45.75,46.8,2346592,KMX
2014-04-01,47.0,47.63,46.97,47.5,1101181,KMX
2014-04-02,47.47,48.139,47.4,47.88,1314743,KMX
2014-04-03,47.91,48.3,47.14,47.56,3010029,KMX
2014-04-04,46.0,46.8399,45.24,45.56,4239379,KMX
2014-04-07,45.45,45.64,43.38,43.68,2965355,KMX
2014-04-08,43.52,44.69,43.4,44.46,1736575,KMX
2014-04-09,44.46,45.2,44.46,45.04,1503867,KMX
2014-04-10,45.01,45.46,43.68,43.76,2399762,KMX
2014-04-11,43.4,43.68,42.66,42.88,2922855,KMX
2014-04-14,43.24,43.91,42.98,43.32,2191745,KMX
2014-04-15,43.34,43.48,42.54,43.37,1793099,KMX
2014-04-16,43.65,44.025,43.51,43.81,1064506,KMX
2014-04-17,43.76,44.66,43.76,44.44,1555434,KMX
2014-04-21,44.28,44.5799,43.69,43.72,1441712,KMX
2014-04-22,43.74,44.17,43.49,43.51,1708950,KMX
2014-04-23,43.49,43.92,43.195,43.25,1581864,KMX
2014-04-24,43.38,43.7,43.05,43.54,1646793,KMX
2014-04-25,43.42,43.49,42.79,42.98,937068,KMX
2014-04-28,43.24,43.51,42.82,43.17,2517148,KMX
2014-04-29,43.19,43.84,43.14,43.68,1234058,KMX
2014-04-30,43.64,43.83,43.395,43.78,1278282,KMX
2014-05-01,43.87,44.58,43.81,44.48,1744332,KMX
2014-05-02,44.5,45.05,44.5,44.86,1127175,KMX
2014-05-05,44.54,45.02,44.24,44.3,1180721,KMX
2014-05-06,43.64,43.82,43.0,43.63,2938242,KMX
2014-05-07,43.8,44.34,43.6,44.11,2787204,KMX
2014-05-08,44.06,45.1,43.99,44.6,1910515,KMX
2014-05-09,44.64,45.04,44.39,44.98,1115617,KMX
2014-05-12,45.12,45.71,45.12,45.61,815687,KMX
2014-05-13,45.62,45.89,45.43,45.49,1451598,KMX
2014-05-14,45.47,45.5,44.72,44.8,939562,KMX
2014-05-15,44.6,44.71,43.85,44.19,1225158,KMX
2014-05-16,44.19,44.77,44.19,44.52,882937,KMX
2014-05-19,44.29,44.84,44.28,44.56,1079833,KMX
2014-05-20,44.37,44.37,43.725,43.88,1291121,KMX
2014-05-21,44.11,44.51,43.72,44.34,968059,KMX
2014-05-22,44.26,44.92,44.22,44.53,943518,KMX
2014-05-23,44.67,44.84,44.58,44.7,579738,KMX
2014-05-27,44.87,45.435,44.87,45.08,1171798,KMX
2014-05-28,45.01,45.25,44.84,44.88,1051877,KMX
2014-05-29,45.01,45.23,44.81,44.98,958433,KMX
2014-05-30,44.83,45.1,44.3,44.31,1515384,KMX
2014-06-02,44.38,44.495,43.99,44.3,1485868,KMX
2014-06-03,44.14,45.67,44.09,45.51,2101927,KMX
2014-06-04,45.35,46.23,45.27,46.01,1809949,KMX
2014-06-05,46.01,46.27,45.93,46.11,1345881,KMX
2014-06-06,46.09,46.57,46.09,46.43,1579446,KMX
2014-06-09,46.39,46.5,46.15,46.27,1136884,KMX
2014-06-10,46.21,46.39,46.0,46.11,853664,KMX
2014-06-11,45.98,46.08,45.63,45.72,945538,KMX
2014-06-12,45.53,45.56,43.86,43.87,2470185,KMX
2014-06-13,43.87,44.28,43.8,44.19,1182972,KMX
2014-06-16,44.23,44.51,43.89,44.3,1709815,KMX
2014-06-17,44.24,44.64,44.01,44.29,2965096,KMX
2014-06-18,44.23,45.0,44.06,44.95,1183978,KMX
2014-06-19,45.25,45.32,44.76,45.28,2460785,KMX
2014-06-20,51.9,53.67,50.72,52.75,12147800,KMX
2014-06-23,51.63,52.32,50.68,51.91,4569633,KMX
2014-06-24,51.0,51.42,49.89,50.07,4010597,KMX
2014-06-25,50.02,50.29,49.73,50.01,2185557,KMX
2014-06-26,50.3,51.62,50.22,51.57,2100263,KMX
2014-06-27,51.29,52.33,51.21,51.88,2331736,KMX
2014-06-30,51.6,52.16,51.53,52.01,1479080,KMX
2014-07-01,52.09,52.42,51.76,52.16,1688474,KMX
2014-07-02,52.05,52.74,52.05,52.6,1194938,KMX
2014-07-03,52.7,53.15,52.42,52.95,822258,KMX
2014-07-07,52.9,52.9,52.38,52.55,1004043,KMX
2014-07-08,52.32,52.5,51.81,52.17,1466503,KMX
2014-07-09,52.3,53.7,52.221,53.44,2567462,KMX
2014-07-10,52.52,52.6,51.94,52.43,2128323,KMX
2014-07-11,52.49,52.73,51.71,52.19,2045667,KMX
2014-07-14,52.63,52.73,52.29,52.46,1056739,KMX
2014-07-15,52.23,52.71,52.0,52.45,1372088,KMX
2014-07-16,52.57,52.94,52.38,52.59,1087413,KMX
2014-07-17,52.21,52.45,51.03,51.1,1462268,KMX
2014-07-18,51.53,52.19,51.44,52.15,800851,KMX
2014-07-21,51.67,51.97,51.289,51.66,963907,KMX
2014-07-22,51.82,51.82,51.17,51.32,895388,KMX
2014-07-23,51.41,51.41,50.74,50.84,1544595,KMX
2014-07-24,51.03,51.33,50.77,50.92,1133959,KMX
2014-07-25,50.68,50.72,50.18,50.42,1225560,KMX
2014-07-28,49.64,50.16,49.56,50.06,1492674,KMX
2014-07-29,50.06,50.29,49.43,49.43,1237807,KMX
2014-07-30,49.64,50.16,49.56,50.06,1492677,KMX
2014-07-31,49.51,49.97,48.64,48.81,1185920,KMX
2014-08-01,49.96,50.8545,49.85,50.68,1625419,KMX
2014-08-04,49.96,50.8545,49.85,50.68,1625419,KMX
2014-08-05,50.24,50.41,49.49,49.68,1267123,KMX
2014-08-06,49.46,50.45,49.45,50.03,732213,KMX
2014-08-07,50.19,50.32,49.28,49.39,698156,KMX
2014-08-08,49.48,50.63,49.48,50.57,749120,KMX
2014-08-11,50.62,50.94,50.34,50.6,618812,KMX
2014-08-12,50.43,50.7,49.89,50.0,558999,KMX
2014-08-13,49.43,50.04,49.39,49.81,748841,KMX
2014-08-14,49.95,50.84,49.91,50.7,947951,KMX
2014-08-15,50.86,50.93,49.9,50.4,832971,KMX
2014-08-18,50.6,51.2,50.59,50.92,672562,KMX
2014-08-19,50.99,51.29,50.87,50.96,659886,KMX
2014-08-20,50.62,51.37,50.505,51.25,790099,KMX
2014-08-21,51.39,51.45,50.79,51.08,913704,KMX
2014-08-22,51.09,51.36,50.63,51.26,1074093,KMX
2014-08-25,51.54,51.77,51.08,51.57,828259,KMX
2014-08-26,51.65,52.0,51.55,51.86,949622,KMX
2014-08-27,51.97,52.11,51.77,52.0,677976,KMX
2014-08-28,51.09,52.17,50.94,51.96,610158,KMX
2014-08-29,51.98,52.51,51.883,52.4,839703,KMX
2014-09-02,52.4,52.95,51.78,51.88,1350403,KMX
2014-09-03,52.27,52.92,51.95,52.8,1558374,KMX
2014-09-04,52.99,53.59,52.9,53.34,1683744,KMX
2014-09-05,53.28,53.77,53.04,53.71,1361319,KMX
2014-09-08,53.65,54.28,52.81,52.84,1239938,KMX
2014-09-09,52.6,52.72,51.94,52.24,1022119,KMX
2014-09-10,52.32,52.37,51.7219,52.1,943861,KMX
2014-09-11,51.76,52.66,51.76,52.54,1482015,KMX
2014-09-12,52.58,53.23,52.39,52.53,1343636,KMX
2014-09-15,52.25,52.76,51.95,52.05,1569945,KMX
2014-09-16,51.77,52.53,51.49,52.13,1472895,KMX
2014-09-17,52.77,53.93,52.49,53.35,2162772,KMX
2014-09-18,53.57,53.645,53.2,53.52,1396990,KMX
2014-09-19,53.87,54.01,53.25,53.57,1872676,KMX
2014-09-22,53.51,53.83,52.72,52.81,2688173,KMX
2014-09-23,49.14,49.7,47.0501,47.8,10022039,KMX
2014-09-24,47.05,47.05,46.44,46.45,2295837,KMX
2014-09-25,48.21,48.31,47.06,47.52,2645408,KMX
2014-09-26,47.66,47.84,47.12,47.5,1457717,KMX
2014-09-29,47.11,47.5,46.84,47.11,1504464,KMX
2014-09-30,47.05,47.05,46.44,46.45,2295837,KMX
2014-10-01,46.39,46.415,45.24,45.31,2683509,KMX
2014-10-02,46.13,46.2,45.26,46.05,2651415,KMX
2014-10-03,46.33,47.257,46.256,46.83,2458379,KMX
2014-10-06,46.89,47.41,46.76,46.9,1845756,KMX
2014-10-07,46.76,47.26,46.44,46.44,2477234,KMX
2014-10-08,46.39,47.49,46.16,47.42,1884641,KMX
2014-10-09,47.13,47.73,46.29,46.3,2100438,KMX
2014-10-10,46.25,46.42,45.4,45.6,1919686,KMX
2014-10-13,45.27,45.28,43.82,43.9,4994065,KMX
2014-10-14,44.12,45.22,43.865,44.58,2719901,KMX
2014-10-15,43.84,45.32,43.27,45.06,2641609,KMX
2014-10-16,44.51,46.44,44.34,45.88,3308728,KMX
2014-10-17,46.34,47.425,46.23,46.71,2546155,KMX
2014-10-20,46.58,47.5,46.58,47.08,1643812,KMX
2014-10-21,47.38,48.91,47.31,48.8,2689005,KMX
2014-10-22,48.71,49.94,48.27,48.33,2904761,KMX
2014-10-23,49.58,53.31,49.58,52.73,6202877,KMX
2014-10-24,52.71,53.91,52.32,53.58,2161516,KMX
2014-10-27,53.56,54.97,53.56,54.77,2466200,KMX
2014-10-28,55.0,56.45,54.84,55.74,3067397,KMX
2014-10-29,55.89,55.89,54.32,54.96,2808546,KMX
2014-10-30,55.47,56.07,55.1,55.9,1358646,KMX
2014-10-31,56.64,56.865,55.65,55.91,2376713,KMX
2014-11-03,55.88,56.865,55.88,56.32,1709447,KMX
2014-11-04,55.91,56.07,54.92,55.43,1648568,KMX
2014-11-05,55.9,56.68,55.46,56.57,1340554,KMX
2014-11-06,56.13,56.63,55.25,56.26,2550207,KMX
2014-11-07,56.39,56.445,55.51,55.64,2280639,KMX
2014-11-10,55.64,56.35,55.5,56.08,1337299,KMX
2014-11-11,55.9,56.14,55.52,55.74,1207553,KMX
2014-11-12,55.47,56.07,55.1,55.9,1358646,KMX
2014-11-13,56.12,56.53,55.64,55.85,1703210,KMX
2014-11-14,55.8,55.98,55.44,55.65,1347316,KMX
2014-11-17,54.24,55.08,54.04,54.66,2004425,KMX
2014-11-18,54.73,55.43,54.37,55.13,1148387,KMX
2014-11-19,55.19,55.4625,54.79,55.03,1135976,KMX
2014-11-20,54.82,55.67,54.82,55.05,1183423,KMX
2014-11-21,55.67,56.36,55.18,56.09,1657179,KMX
2014-11-24,56.21,56.71,56.0,56.31,990323,KMX
2014-11-25,56.46,57.19,56.35,56.71,1522489,KMX
2014-11-26,56.86,56.9,55.99,56.25,862125,KMX
2014-11-28,56.52,57.28,56.26,56.98,610861,KMX
2014-12-01,56.64,56.64,55.86,56.14,1509910,KMX
2014-12-02,57.81,58.34,56.69,57.1,2328126,KMX
2014-12-03,56.53,58.9,56.53,58.73,1870492,KMX
2014-12-04,58.42,59.75,58.29,59.32,1797078,KMX
2014-12-05,59.15,59.18,58.6,59.07,1337584,KMX
2014-12-08,58.87,59.4,58.25,58.48,1417532,KMX
2014-12-09,57.98,59.55,57.93,59.45,1583068,KMX
2014-12-10,59.17,59.645,58.67,58.9,1466622,KMX
2014-12-11,59.02,60.66,59.02,59.51,2033824,KMX
2014-12-12,58.94,60.09,58.26,58.3,1843189,KMX
2014-12-15,58.82,59.26,57.82,58.84,2188932,KMX
2014-12-16,58.84,59.28,58.22,58.23,2752754,KMX
2014-12-17,58.25,60.33,58.155,60.11,2397689,KMX
2014-12-18,60.42,60.545,59.22,60.53,3831629,KMX
2014-12-19,65.57,67.43,64.66,67.32,6684365,KMX
2014-12-22,67.32,68.71,67.17,67.85,4509672,KMX
2014-12-23,67.66,68.3099,67.44,67.76,3969959,KMX
2014-12-24,67.82,68.06,67.53,67.61,807057,KMX
2014-12-26,67.8,68.31,67.23,67.61,845518,KMX
2014-12-29,67.29,67.96,67.02,67.87,1029515,KMX
2014-12-30,67.38,67.86,67.08,67.24,1092594,KMX
2014-12-31,67.52,67.95,66.5096,66.58,1620659,KMX
2015-01-02,67.04,67.71,65.86,66.47,2151075,KMX
2015-01-05,66.01,66.305,64.1,64.58,2119945,KMX
2015-01-06,64.97,65.08,63.06,63.77,2366511,KMX
2015-01-07,64.445,64.8,63.79,64.78,1654036,KMX
2015-01-08,65.66,66.3,65.48,66.09,1514306,KMX
2015-01-09,65.88,66.01,64.9,65.04,1544921,KMX
2015-01-12,64.93,65.23,64.18,64.35,1434314,KMX
2015-01-13,65.06,65.72,63.77,64.27,1274466,KMX
2015-01-14,63.98,64.075,62.58,63.42,1783388,KMX
2015-01-15,64.04,64.94,62.18,62.23,1286540,KMX
2015-01-16,61.93,63.56,61.83,63.51,1704731,KMX
2015-01-20,63.55,63.712,62.12,62.81,1151445,KMX
2015-01-21,62.6,63.36,62.21,63.01,1231013,KMX
2015-01-22,63.29,64.435,62.76,64.24,1084829,KMX
2015-01-23,64.38,65.845,64.27,64.87,1621444,KMX
2015-01-26,64.75,65.42,64.24,64.77,1397435,KMX
2015-01-27,63.9,64.51,63.39,63.7,1404976,KMX
2015-01-28,64.11,64.38,62.42,62.53,1172736,KMX
2015-01-29,62.6,63.45,62.22,63.31,918569,KMX
2015-01-30,62.7,63.2,62.02,62.1,1164474,KMX
2015-02-02,62.21,62.59,60.83,62.53,1253846,KMX
2015-02-03,63.2,63.91,62.7523,63.75,1640122,KMX
2015-02-04,63.61,64.82,63.45,64.46,1567814,KMX
2015-02-05,64.66,64.98,64.24,64.53,1384175,KMX
2015-02-06,64.54,64.97,64.14,64.42,853446,KMX
2015-02-09,63.96,65.01,63.81,64.55,1333097,KMX
2015-02-10,65.05,65.74,64.9,65.67,1621325,KMX
2015-02-11,65.42,66.08,64.77,65.97,1380837,KMX
2015-02-12,66.04,66.67,65.506,66.58,1066382,KMX
2015-02-13,66.51,67.73,66.51,67.68,1284003,KMX
2015-02-17,67.66,68.08,67.01,67.48,1013351,KMX
2015-02-18,67.17,67.685,66.89,67.51,1041225,KMX
2015-02-19,67.55,68.41,67.34,68.3,1081883,KMX
2015-02-20,68.22,68.325,66.98,68.13,1143772,KMX
2015-02-23,68.2,68.33,67.26,67.61,584941,KMX
2015-02-24,66.6,67.67,65.87,67.28,876109,KMX
2015-02-25,67.41,68.15,67.4,68.1,686525,KMX
2015-02-26,68.12,68.3,67.57,67.73,870420,KMX
2015-02-27,67.75,67.98,66.99,67.11,878880,KMX
2015-03-02,67.32,68.23,67.15,67.77,1394803,KMX
2015-03-03,67.69,67.69,66.95,67.39,898628,KMX
2015-03-04,65.86,66.0,64.54,64.69,1739882,KMX
2015-03-05,64.69,65.02,64.53,64.62,1296591,KMX
2015-03-06,64.12,64.63,62.89,63.0,2098793,KMX
2015-03-09,62.84,63.45,62.46,63.2,1646239,KMX
2015-03-10,62.72,62.995,62.15,62.15,1753801,KMX
2015-03-11,62.23,62.45,61.98,62.0,1633685,KMX
2015-03-12,62.3,62.95,62.15,62.45,2225547,KMX
2015-03-13,62.67,63.42,62.31,63.32,1460891,KMX
2015-03-16,63.73,64.4,63.73,64.18,1474687,KMX
2015-03-17,63.96,64.86,63.85,64.72,1642928,KMX
2015-03-18,64.69,66.0,64.163,65.48,1197315,KMX
2015-03-19,65.21,65.83,65.16,65.64,976580,KMX
2015-03-20,66.14,66.69,65.52,66.55,2390812,KMX
2015-03-23,66.5,66.98,66.24,66.45,1034432,KMX
2015-03-24,66.4,67.84,66.2301,67.3,1623359,KMX
2015-03-25,67.23,67.45,66.18,66.35,2103637,KMX
2015-03-26,65.87,66.19,65.26,65.8,1862781,KMX
2015-03-27,65.74,66.81,65.66,66.69,1824395,KMX
2015-03-30,67.19,69.29,66.97,69.22,1894570,KMX
2015-03-31,69.19,69.6,68.7511,69.01,3272650,KMX
2015-04-01,69.01,69.21,67.67,68.39,2713463,KMX
2015-04-02,71.98,75.4,71.97,74.73,9037218,KMX
2015-04-06,74.16,75.22,73.77,73.95,3105924,KMX
2015-04-07,73.95,74.25,73.28,73.42,2881281,KMX
2015-04-08,73.62,74.07,73.36,74.07,2574709,KMX
2015-04-09,74.0,74.55,73.4001,74.11,1486638,KMX
2015-04-10,74.01,74.135,73.11,73.19,1175008,KMX
2015-04-13,73.34,73.74,72.91,73.01,1241775,KMX
2015-04-14,72.82,73.09,71.86,72.46,887131,KMX
2015-04-15,72.57,72.92,72.375,72.4,1016502,KMX
2015-04-16,72.42,72.45,71.57,71.68,926642,KMX
2015-04-17,71.22,71.39,70.13,70.61,1418052,KMX
2015-04-20,70.97,71.25,70.77,70.97,1264952,KMX
2015-04-21,71.33,71.91,70.75,70.88,1175783,KMX
2015-04-22,71.2,71.515,70.46,70.84,1366810,KMX
2015-04-23,70.78,71.05,70.3,70.72,1024588,KMX
2015-04-24,70.83,70.83,69.81,69.97,845487,KMX
2015-04-27,70.0,70.224,68.74,68.81,941495,KMX
2015-04-28,68.96,69.61,68.35,69.39,1221841,KMX
2015-04-29,69.21,69.28,68.37,68.76,947488,KMX
2015-04-30,68.44,68.83,67.69,68.11,1416418,KMX
2015-05-01,68.25,69.82,68.17,69.81,1296019,KMX
2015-05-04,70.05,71.36,69.93,71.33,1611038,KMX
2015-05-05,71.11,71.84,70.205,70.3,1637321,KMX
2015-05-06,70.35,70.71,69.4001,69.97,1337090,KMX
2015-05-07,69.93,71.03,69.78,70.84,1240268,KMX
2015-05-08,71.56,72.14,71.46,71.53,1105094,KMX
2015-05-11,71.35,72.25,71.26,71.35,1350884,KMX
2015-05-12,70.96,71.65,70.73,71.27,834889,KMX
2015-05-13,71.82,71.87,70.84,71.11,960884,KMX
2015-05-14,71.91,72.05,71.28,71.72,1597930,KMX
2015-05-15,71.91,72.45,71.7401,72.26,1741154,KMX
2015-05-18,72.45,73.2,72.32,73.0,1520231,KMX
2015-05-19,72.94,73.05,72.12,72.26,1036617,KMX
2015-05-20,72.38,72.63,72.1,72.3,996679,KMX
2015-05-21,72.01,72.94,71.92,72.51,1298392,KMX
2015-05-22,72.56,72.849,71.93,72.41,1286237,KMX
2015-05-26,72.36,72.68,71.61,71.71,868351,KMX
2015-05-27,72.15,72.99,71.87,72.84,1839431,KMX
2015-05-28,72.92,73.15,72.16,72.38,858798,KMX
2015-05-29,72.14,72.41,71.04,71.04,1481215,KMX
2015-06-01,71.44,72.05,70.83,71.7,856197,KMX
2015-06-02,71.37,72.23,71.36,72.1,874008,KMX
2015-06-03,72.15,73.14,72.1,72.81,1064667,KMX
2015-06-04,72.48,73.2,72.39,73.09,1287132,KMX
2015-06-05,73.11,73.76,72.85,73.7,1376775,KMX
2015-06-08,73.15,73.48,72.15,72.16,1706521,KMX
2015-06-09,72.05,72.85,72.05,72.59,819107,KMX
2015-06-10,72.85,73.341,72.81,73.15,1078753,KMX
2015-06-11,73.47,73.6899,72.67,72.78,798687,KMX
2015-06-12,72.53,73.12,72.37,72.86,1182289,KMX
2015-06-15,72.45,72.45,71.4,71.55,1685539,KMX
2015-06-16,71.57,72.22,71.54,72.2,1189307,KMX
2015-06-17,72.38,73.19,72.04,72.28,1370814,KMX
2015-06-18,72.4,72.8763,71.72,71.96,2928179,KMX
2015-06-19,69.14,70.88,68.25,69.27,6855274,KMX
2015-06-22,69.51,69.7399,67.89,68.03,4528076,KMX
2015-06-23,68.25,68.84,68.1,68.73,1999944,KMX
2015-06-24,68.66,69.15,68.11,68.12,1225120,KMX
2015-06-25,68.49,68.6799,67.8975,68.07,1157991,KMX
2015-06-26,68.03,68.45,67.76,68.41,2478819,KMX
2015-06-29,67.62,68.12,66.31,66.35,1533146,KMX
2015-06-30,66.82,67.19,65.96,66.21,1769418,KMX
2015-07-01,66.95,67.08,66.275,67.04,1447584,KMX
2015-07-02,67.34,67.52,66.54,66.67,1064529,KMX
2015-07-06,66.08,66.905,66.0,66.32,1422275,KMX
2015-07-07,66.64,66.71,65.49,66.6,1763756,KMX
2015-07-08,66.95,67.05,65.44,65.57,2080343,KMX
2015-07-09,66.71,66.71,66.17,66.25,1676802,KMX
2015-07-10,67.01,67.17,66.68,66.92,1106400,KMX
2015-07-13,67.68,68.36,67.36,68.27,1640974,KMX
2015-07-14,68.3,68.55,68.0,68.02,1267945,KMX
2015-07-15,68.0,68.04,67.43,67.55,1032100,KMX
2015-07-16,67.82,68.99,67.63,68.87,1198747,KMX
2015-07-17,68.48,68.64,67.76,67.95,851104,KMX
2015-07-20,68.09,68.8,67.83,68.17,724050,KMX
2015-07-21,68.16,68.33,66.78,66.88,897598,KMX
2015-07-22,66.88,66.905,66.1,66.32,1373286,KMX
2015-07-23,66.66,66.82,65.11,65.19,1818728,KMX
2015-07-24,65.57,65.67,63.08,63.18,1998320,KMX
2015-07-27,63.05,63.17,61.625,61.96,2074699,KMX
2015-07-28,62.31,62.81,61.045,62.67,1613250,KMX
2015-07-29,62.87,64.36,62.87,64.26,1548060,KMX
2015-07-30,64.11,64.23,63.55,63.99,1017889,KMX
2015-07-31,64.19,64.87,63.85,64.51,967104,KMX
2015-08-03,65.58,65.58,63.7,64.13,1061594,KMX
2015-08-04,64.13,65.29,64.13,64.76,1278885,KMX
2015-08-05,65.15,65.8,64.55,64.77,1005317,KMX
2015-08-06,64.25,64.32,61.64,62.1,2448376,KMX
2015-08-07,62.1,62.89,61.64,62.15,1193908,KMX
2015-08-10,62.61,63.81,62.5,63.41,1255786,KMX
2015-08-11,62.86,63.0,62.15,62.76,1494692,KMX
2015-08-12,62.11,62.66,60.85,62.51,1636193,KMX
2015-08-13,62.65,63.18,62.04,62.62,1076059,KMX
2015-08-14,62.54,63.37,62.23,63.13,1068121,KMX
2015-08-17,62.93,63.55,62.34,63.53,923838,KMX
2015-08-18,63.65,64.07,63.3,63.5,1174211,KMX
2015-08-19,63.09,63.09,61.83,62.53,965085,KMX
2015-08-20,61.77,62.44,61.26,61.32,994970,KMX
2015-08-21,60.85,61.22,59.5,59.58,2233023,KMX
2015-08-24,56.11,60.07,55.265,57.7,2524919,KMX
2015-08-25,59.5,60.1,57.12,57.18,1633053,KMX
2015-08-26,58.61,58.79,56.79,58.5,1870708,KMX
2015-08-27,59.15,60.41,58.64,60.0,1617959,KMX
2015-08-28,60.0,61.18,59.93,61.02,1501810,KMX
2015-08-31,60.66,62.0,60.63,61.0,1936801,KMX
2015-09-01,59.83,60.21,58.28,58.56,2182960,KMX
2015-09-02,59.17,59.84,58.32,59.84,2811610,KMX
2015-09-03,60.1,61.38,59.94,60.58,1357655,KMX
2015-09-04,59.46,60.39,59.28,60.02,1258094,KMX
2015-09-08,59.64,60.28,58.53,60.11,3181395,KMX
2015-09-09,60.72,61.19,59.43,59.58,1600996,KMX
2015-09-10,59.53,60.5199,59.1,59.82,1388020,KMX
2015-09-11,59.86,60.52,59.57,60.21,1380396,KMX
2015-09-14,59.91,59.93,58.705,58.99,2526264,KMX
2015-09-15,59.26,61.22,58.55,60.82,2241360,KMX
2015-09-16,60.68,62.07,60.52,62.06,1807738,KMX
2015-09-17,62.1,62.96,61.68,61.96,2181180,KMX
2015-09-18,61.05,61.53,60.12,60.27,3182741,KMX
2015-09-21,60.75,62.68,60.725,62.66,3119259,KMX
2015-09-22,60.02,60.54,56.68,59.72,6101593,KMX
2015-09-23,58.55,59.89,57.88,59.32,3877291,KMX
2015-09-24,58.68,59.44,58.22,59.07,2017333,KMX
2015-09-25,59.67,60.32,59.31,59.73,1279551,KMX
2015-09-28,59.28,59.45,57.8201,57.9,1682719,KMX
2015-09-29,57.88,58.31,57.29,57.96,1440628,KMX
2015-09-30,59.1,59.82,58.76,59.32,2284259,KMX
2015-10-01,59.55,59.7499,57.71,58.65,2215138,KMX
2015-10-02,57.59,59.78,57.32,59.78,1728052,KMX
2015-10-05,60.1,60.59,59.64,60.48,1581688,KMX
2015-10-06,60.22,60.5,58.9,59.22,1418819,KMX
2015-10-07,59.59,60.33,58.85,59.48,1173301,KMX
2015-10-08,59.36,60.42,59.12,59.96,1468100,KMX
2015-10-09,59.16,59.26,57.96,58.77,2641388,KMX
2015-10-12,58.91,59.0,57.26,57.34,2430533,KMX
2015-10-13,57.21,57.66,56.75,56.91,2443895,KMX
2015-10-14,56.91,57.29,55.9,56.77,2092451,KMX
2015-10-15,56.97,57.22,56.25,56.98,1762119,KMX
2015-10-16,57.01,57.1,56.065,56.18,2319476,KMX
2015-10-19,56.12,56.94,56.0,56.85,2276261,KMX
2015-10-20,56.86,57.35,56.57,56.95,1462069,KMX
2015-10-21,57.26,57.34,56.67,57.3,2060301,KMX
2015-10-22,57.67,58.84,57.66,58.24,2329835,KMX
2015-10-23,58.76,58.83,57.48,58.05,1861331,KMX
2015-10-26,58.02,58.995,57.91,58.79,1534115,KMX
2015-10-27,58.49,58.84,57.85,58.21,1208210,KMX
2015-10-28,58.24,58.46,57.5,57.87,2229953,KMX
2015-10-29,57.92,58.55,57.68,58.41,2129010,KMX
2015-10-30,58.27,59.66,58.01,59.01,1492806,KMX
2015-11-02,59.08,59.34,58.525,58.77,1287588,KMX
2015-11-03,58.65,59.55,57.75,57.96,2286516,KMX
2015-11-04,57.41,58.25,56.23,57.15,2979531,KMX
2015-11-05,57.33,57.55,56.73,57.06,2195366,KMX
2015-11-06,56.8,57.69,56.62,57.3,1740153,KMX
2015-11-09,57.19,57.213,56.14,56.45,1779782,KMX
2015-11-10,56.43,56.67,55.78,56.5,1144973,KMX
2015-11-11,56.68,56.8199,55.99,56.02,1193148,KMX
2015-11-12,55.6,56.1,55.45,55.45,1453976,KMX
2015-11-13,55.23,55.49,53.84,53.98,1833558,KMX
2015-11-16,53.8,55.05,53.46,55.02,1820926,KMX
2015-11-17,54.99,56.4,54.99,55.62,2071313,KMX
2015-11-18,55.9,56.69,55.66,56.68,1646874,KMX
2015-11-19,56.54,57.05,56.1,56.35,1427290,KMX
2015-11-20,56.7,57.645,56.6,57.41,1775766,KMX
2015-11-23,57.09,57.2258,56.46,56.63,1728070,KMX
2015-11-24,56.16,57.59,56.15,57.31,1516393,KMX
2015-11-25,57.46,58.206,57.26,57.89,1252379,KMX
2015-11-27,57.86,57.86,56.93,57.41,727439,KMX
2015-11-30,57.31,57.64,56.84,57.3,1633724,KMX
2015-12-01,57.36,57.95,56.79,57.26,1787289,KMX
2015-12-02,57.27,58.11,56.52,57.98,3107979,KMX
2015-12-03,57.99,59.14,57.64,58.22,2912343,KMX
2015-12-04,58.34,59.56,58.13,59.22,1799744,KMX
2015-12-07,59.21,59.22,58.2,58.69,2152293,KMX
2015-12-08,58.28,59.75,58.2,59.25,1971507,KMX
2015-12-09,58.95,60.0,58.55,58.86,1588188,KMX
2015-12-10,58.78,59.17,58.47,58.65,1440811,KMX
2015-12-11,57.76,58.06,57.14,57.48,1921437,KMX
2015-12-14,57.65,58.72,57.2,57.86,2756453,KMX
2015-12-15,58.09,59.37,58.0,58.67,2746015,KMX
2015-12-16,58.75,59.035,57.22,58.66,3797802,KMX
2015-12-17,58.81,59.16,57.11,57.15,4761109,KMX
2015-12-18,53.44,53.9,50.57,53.49,20302038,KMX
2015-12-21,53.08,53.25,51.0401,52.53,7230553,KMX
2015-12-22,52.66,52.79,51.19,51.62,4475278,KMX
2015-12-23,52.12,53.82,51.73,53.62,2923334,KMX
2015-12-24,53.52,53.75,53.01,53.23,849845,KMX
2015-12-28,53.0,53.32,52.3,53.18,1743040,KMX
2015-12-29,53.57,54.76,53.48,54.59,2071048,KMX
2015-12-30,54.37,54.955,54.25,54.56,1970963,KMX
2015-12-31,54.28,54.915,53.97,53.97,1689020,KMX
2016-01-04,53.1,53.1,51.915,52.37,3222899,KMX
2016-01-05,52.46,52.75,51.74,52.12,2752534,KMX
2016-01-06,49.78,50.72,47.7,48.31,7665791,KMX
2016-01-07,47.67,47.9,46.75,47.11,7094200,KMX
2016-01-08,47.7,47.99,46.7,46.8,4827229,KMX
2016-01-11,46.96,47.19,46.1765,46.99,3452510,KMX
2016-01-12,48.07,48.69,46.86,47.66,3438339,KMX
2016-01-13,47.83,48.02,45.98,46.24,3750020,KMX
2016-01-14,46.26,47.35,45.44,47.06,3649322,KMX
2016-01-15,45.6,45.94,44.09,45.02,5513357,KMX
2016-01-19,45.16,45.5,42.385,42.99,5707904,KMX
2016-01-20,42.4,45.16,41.88,44.89,6224686,KMX
2016-01-21,44.94,47.12,44.87,45.78,4305129,KMX
2016-01-22,46.58,46.85,45.46,45.85,2392170,KMX
2016-01-25,45.68,45.86,44.9,44.98,3055869,KMX
2016-01-26,45.19,46.02,44.81,45.99,2451141,KMX
2016-01-27,45.57,46.05,44.22,44.64,4091859,KMX
2016-01-28,44.95,45.13,42.73,42.9,5784574,KMX
2016-01-29,43.19,44.3,42.97,44.18,4488636,KMX
2016-02-01,43.63,44.4,41.28,43.93,6358283,KMX
2016-02-02,43.53,43.56,41.97,42.37,3539204,KMX
2016-02-03,42.89,42.94,41.25,42.51,3042303,KMX
2016-02-04,42.56,44.02,41.99,43.9,3168758,KMX
2016-02-05,43.9,44.41,43.37,44.15,3118464,KMX
2016-02-08,43.75,43.92,42.25,42.65,2889943,KMX
2016-02-09,42.39,43.51,42.11,42.86,2622944,KMX
2016-02-10,43.0,44.4,42.71,43.13,2559524,KMX
2016-02-11,42.11,42.97,41.455,42.15,3103963,KMX
2016-02-12,42.88,43.75,42.0875,43.63,2013508,KMX
2016-02-16,44.33,46.19,44.13,46.04,3070400,KMX
2016-02-17,46.74,48.94,46.69,47.95,4903907,KMX
2016-02-18,47.77,47.98,46.36,46.64,2956750,KMX
2016-02-19,46.32,46.32,44.3,45.36,3717772,KMX
2016-02-22,46.01,46.93,45.65,45.85,2478245,KMX
2016-02-23,45.82,46.33,44.54,45.47,2360565,KMX
2016-02-24,44.71,45.28,43.47,45.19,2421178,KMX
2016-02-25,45.22,46.27,44.75,46.26,2258275,KMX
2016-02-26,46.6,47.605,46.22,47.2,2347729,KMX
2016-02-29,47.17,47.38,46.25,46.26,2119737,KMX
2016-03-01,46.89,47.99,46.09,47.98,2803144,KMX
2016-03-02,47.91,48.54,46.76,47.72,2293590,KMX
2016-03-03,47.66,50.54,47.52,50.29,4314173,KMX
2016-03-04,50.43,53.02,50.25,51.35,4386533,KMX
2016-03-07,50.82,52.81,50.72,52.64,2874657,KMX
2016-03-08,52.1,53.225,50.48,50.7,2761625,KMX
2016-03-09,50.91,51.06,49.99,50.99,1371300,KMX
2016-03-10,50.98,51.67,50.3601,50.98,1690286,KMX
2016-03-11,51.1,52.1,50.18,51.89,2487450,KMX
2016-03-14,51.5,51.85,50.19,50.83,1784356,KMX
2016-03-15,50.26,50.45,48.89,49.24,2223586,KMX
2016-03-16,49.13,50.12,48.52,50.09,2341008,KMX
2016-03-17,49.36,49.72,47.07,49.31,2463158,KMX
2016-03-18,49.56,50.44,49.44,50.24,3420840,KMX
2016-03-21,50.3,50.66,49.86,50.57,1521090,KMX
2016-03-22,50.12,50.645,49.96,50.2,2227510,KMX
2016-03-23,50.04,50.04,48.31,48.44,2113984,KMX
2016-03-24,48.21,48.89,47.11,48.83,2299405,KMX
2016-03-28,48.24,49.11,48.1,48.9,1584642,KMX
2016-03-29,48.55,50.58,48.52,50.43,2335094,KMX
2016-03-30,50.66,51.17,50.21,50.81,1701510,KMX
2016-03-31,50.81,51.37,50.28,51.1,2538105,KMX
2016-04-01,50.57,51.78,49.77,51.75,4399798,KMX
2016-04-04,51.74,51.75,50.79,51.15,3342653,KMX
2016-04-05,50.5,51.36,50.5,51.22,2620659,KMX
2016-04-06,51.4,53.47,51.2,53.29,5123377,KMX
2016-04-07,54.66,54.66,48.78,49.48,11247384,KMX
2016-04-08,49.75,51.69,49.43,50.98,4472078,KMX
2016-04-11,51.26,52.49,50.83,50.88,2842205,KMX
2016-04-12,51.16,51.98,51.0664,51.59,2326026,KMX
2016-04-13,52.18,53.97,51.99,53.94,3045613,KMX
2016-04-14,54.2,54.33,53.16,53.62,3038846,KMX
2016-04-15,53.57,54.0,53.01,53.67,1975659,KMX
2016-04-18,53.24,53.79,52.76,53.43,1739855,KMX
2016-04-19,53.66,54.39,53.49,54.33,2332121,KMX
2016-04-20,54.39,54.4,53.26,54.14,2059910,KMX
2016-04-21,54.1,54.72,51.675,52.43,2919090,KMX
2016-04-22,51.55,53.56,50.63,53.22,2185975,KMX
2016-04-25,53.2,53.29,52.58,52.99,1344032,KMX
2016-04-26,53.38,55.87,53.07,55.47,2532214,KMX
2016-04-27,55.4,55.99,54.79,55.13,2357019,KMX
2016-04-28,54.85,55.355,53.78,53.93,1151775,KMX
2016-04-29,53.84,53.84,52.64,52.95,2613551,KMX
2016-05-02,53.21,53.275,51.95,52.2,2337265,KMX
2016-05-03,51.47,52.36,51.02,51.92,1811319,KMX
2016-05-04,51.55,52.19,50.99,51.29,1869303,KMX
2016-05-05,51.61,51.71,50.47,50.6,2077415,KMX
2016-05-06,50.41,50.83,49.84,50.41,1589566,KMX
2016-05-09,50.41,51.55,50.305,51.23,1382007,KMX
2016-05-10,51.44,52.8,51.2,52.5,1686508,KMX
2016-05-11,52.22,52.22,50.745,50.97,2178525,KMX
2016-05-12,51.15,51.3,50.49,51.0,1959082,KMX
2016-05-13,50.85,51.6,50.56,50.67,3717337,KMX
2016-05-16,50.66,51.09,50.3,50.64,2313435,KMX
2016-05-17,50.4,51.15,50.08,50.81,2286829,KMX
2016-05-18,50.79,51.13,50.32,50.79,3243297,KMX
2016-05-19,50.79,51.91,50.72,51.32,1910006,KMX
2016-05-20,51.5,52.73,51.31,52.73,2299656,KMX
2016-05-23,52.82,52.97,52.11,52.13,1515798,KMX
2016-05-24,52.28,53.14,51.91,52.89,1388439,KMX
2016-05-25,53.04,54.6,52.87,54.04,2317324,KMX
2016-05-26,54.08,54.42,53.15,53.39,1652345,KMX
2016-05-27,53.49,54.23,53.38,53.59,1986697,KMX
2016-05-31,53.83,54.16,53.47,53.66,2505509,KMX
2016-06-01,53.38,53.41,51.47,52.09,3458078,KMX
2016-06-02,51.77,52.3,51.11,52.09,3613826,KMX
2016-06-03,51.67,51.815,50.53,51.54,3729437,KMX
2016-06-06,51.27,52.005,50.74,51.92,2524836,KMX
2016-06-07,51.92,53.5,51.895,52.96,3061606,KMX
2016-06-08,53.13,53.49,52.5,52.52,1994089,KMX
2016-06-09,51.94,51.98,50.98,51.81,2414120,KMX
2016-06-10,51.145,51.145,49.135,49.25,2827530,KMX
2016-06-13,49.01,49.56,48.6501,49.14,2337524,KMX
2016-06-14,48.88,49.36,48.4,48.9,2882228,KMX
2016-06-15,48.9,50.27,48.85,49.36,2658768,KMX
2016-06-16,48.93,49.44,47.87,49.2,2490878,KMX
2016-06-17,49.85,51.01,49.85,50.12,5855805,KMX
2016-06-20,50.74,51.84,50.61,50.63,6156814,KMX
2016-06-21,49.11,49.6399,47.9,48.14,9808106,KMX
2016-06-22,47.98,48.26,46.36,46.5,6071396,KMX
2016-06-23,47.21,48.19,46.865,46.98,3706080,KMX
2016-06-24,45.69,46.68,45.47,46.32,4647850,KMX
2016-06-27,45.86,45.985,45.06,45.7,4532969,KMX
2016-06-28,46.61,47.29,46.23,46.71,2824547,KMX
2016-06-29,47.22,48.31,47.16,48.02,2751181,KMX
2016-06-30,47.91,49.13,47.38,49.03,3445983,KMX
2016-07-01,49.43,50.45,49.21,49.66,2408313,KMX
2016-07-05,49.07,49.2,47.0,47.76,3365740,KMX
2016-07-06,48.21,50.59,48.21,50.45,5203662,KMX
2016-07-07,50.4,51.09,49.99,50.44,1931472,KMX
2016-07-08,51.06,52.75,50.99,52.67,2457163,KMX
2016-07-11,52.74,53.67,52.68,53.32,2640758,KMX
2016-07-12,53.96,54.95,53.94,54.78,2880385,KMX
2016-07-13,54.69,55.0,54.28,54.6,1890822,KMX
2016-07-14,55.01,55.545,54.83,55.4,1769301,KMX
2016-07-15,55.77,55.78,55.09,55.23,1512329,KMX
2016-07-18,55.11,55.81,54.98,55.47,1987471,KMX
2016-07-19,54.95,55.29,54.49,54.72,1916253,KMX
2016-07-20,55.05,56.24,55.03,56.04,2236508,KMX
2016-07-21,57.11,58.72,56.575,57.56,4857563,KMX
2016-07-22,57.56,58.26,57.01,57.95,1445453,KMX
2016-07-25,57.87,58.22,57.37,57.8,1306566,KMX
2016-07-26,57.66,58.74,57.64,58.63,1406066,KMX
2016-07-27,58.64,58.92,58.04,58.44,1360408,KMX
2016-07-28,58.09,58.48,57.09,58.35,2011964,KMX
2016-07-29,58.33,58.48,57.72,58.26,1904036,KMX
2016-08-01,58.07,58.38,57.61,58.14,1226698,KMX
2016-08-02,57.97,58.16,55.25,55.57,3079239,KMX
2016-08-03,55.57,56.21,54.86,56.2,2001507,KMX
2016-08-04,56.27,57.74,56.27,57.52,2649787,KMX
2016-08-05,58.18,59.59,58.16,58.85,3296179,KMX
2016-08-08,58.79,58.94,58.3401,58.68,1323159,KMX
2016-08-09,58.54,59.65,58.54,58.74,2154715,KMX
2016-08-10,58.77,58.79,58.14,58.36,968925,KMX
2016-08-11,58.91,59.81,58.55,59.17,2089834,KMX
2016-08-12,59.17,60.34,59.13,59.56,1433362,KMX
2016-08-15,59.68,60.53,59.48,60.51,1452823,KMX
2016-08-16,60.34,60.49,59.71,60.16,1181304,KMX
2016-08-17,60.08,60.15,58.51,58.82,1990309,KMX
2016-08-18,59.15,59.51,58.23,59.15,3130666,KMX
2016-08-19,58.93,59.55,57.92,59.3,2963562,KMX
2016-08-22,59.2,59.25,58.32,58.93,2371242,KMX
2016-08-23,59.4,59.78,59.02,59.09,1703553,KMX
2016-08-24,58.96,59.31,58.09,58.22,1311584,KMX
2016-08-25,57.9,58.78,57.9,58.38,1260942,KMX
2016-08-26,58.55,59.55,58.41,58.7,1510493,KMX
2016-08-29,58.7,59.69,58.58,59.48,1039443,KMX
2016-08-30,59.19,59.73,58.88,59.5,830158,KMX
2016-08-31,59.52,59.53,58.2603,58.95,1471908,KMX
2016-09-01,59.03,59.48,58.39,59.01,1139066,KMX
2016-09-02,59.52,60.12,59.44,60.06,1029113,KMX
2016-09-06,59.99,60.1,59.24,59.52,2411799,KMX
2016-09-07,59.66,60.81,59.52,60.6,3740857,KMX
2016-09-08,60.3,60.54,59.94,60.17,1488520,KMX
2016-09-09,58.19,58.72,55.22,55.23,3490578,KMX
2016-09-12,54.94,57.11,54.72,56.8,2433020,KMX
2016-09-13,56.23,56.76,55.72,56.43,1860252,KMX
2016-09-14,56.58,57.06,55.95,56.73,1285913,KMX
2016-09-15,56.74,57.32,56.5061,56.9,2353182,KMX
2016-09-16,56.61,56.76,55.89,56.5,4607136,KMX
2016-09-19,57.16,57.7,56.56,56.58,4379121,KMX
2016-09-20,56.82,57.15,55.655,55.76,3982102,KMX
2016-09-21,53.98,54.886,53.23,54.62,5553454,KMX
2016-09-22,55.15,55.5,54.29,54.35,2636407,KMX
2016-09-23,53.95,54.4,53.51,53.74,2616640,KMX
2016-09-26,53.48,54.13,53.22,53.59,2371025,KMX
2016-09-27,53.57,54.11,53.45,53.7,1545405,KMX
2016-09-28,53.68,53.89,52.775,53.12,1802415,KMX
2016-09-29,52.94,53.3,52.07,52.17,1498735,KMX
2016-09-30,52.29,53.635,51.85,53.35,2289997,KMX
2016-10-03,52.84,52.845,51.57,52.52,2194819,KMX
2016-10-04,52.68,52.84,51.52,51.65,2174396,KMX
2016-10-05,52.32,53.95,52.005,53.1,2837792,KMX
2016-10-06,52.77,53.09,52.5785,52.78,1361992,KMX
2016-10-07,53.13,53.17,51.97,52.33,1800514,KMX
2016-10-10,52.75,53.33,52.62,52.64,974932,KMX
2016-10-11,52.44,52.48,50.93,51.14,1932918,KMX
2016-10-12,51.37,51.79,50.96,51.6,1689638,KMX
2016-10-13,51.11,51.62,50.61,51.51,1603959,KMX
2016-10-14,51.79,52.14,50.93,51.25,2190185,KMX
2016-10-17,51.25,51.44,50.95,51.11,1432155,KMX
2016-10-18,51.74,51.93,50.76,51.04,2122544,KMX
2016-10-19,51.19,51.94,51.03,51.76,1254643,KMX
2016-10-20,51.58,51.78,50.6,50.83,2469251,KMX
2016-10-21,50.45,50.535,49.84,50.05,2866737,KMX
2016-10-24,52.37,52.75,50.51,51.5,4061216,KMX
2016-10-25,51.13,51.28,50.6,50.93,1877631,KMX
2016-10-26,50.63,51.89,50.51,51.54,2474659,KMX
2016-10-27,51.5,51.53,50.51,50.59,2881340,KMX
2016-10-28,49.69,49.95,48.79,49.77,3640348,KMX
2016-10-31,49.81,50.07,49.36,49.94,1813181,KMX
2016-11-01,49.89,49.89,48.025,48.65,2226637,KMX
2016-11-02,48.48,49.2,48.34,48.73,1743567,KMX
2016-11-03,48.83,49.83,48.83,49.62,2777144,KMX
2016-11-04,49.58,51.84,49.38,50.51,3398984,KMX
2016-11-07,51.35,51.605,50.79,51.51,2654831,KMX
2016-11-08,49.91,50.405,48.47,48.68,4727840,KMX
2016-11-09,47.65,50.95,47.5,50.62,3231823,KMX
2016-11-10,50.89,53.51,50.88,52.73,3013440,KMX
2016-11-11,52.65,54.97,52.5001,54.78,3068070,KMX
2016-11-14,54.48,58.16,54.41,56.89,4188571,KMX
2016-11-15,57.21,57.21,55.97,56.24,3479434,KMX
2016-11-16,56.08,56.31,55.13,56.0,2019277,KMX
2016-11-17,55.29,56.16,54.17,55.7,1998260,KMX
2016-11-18,55.66,56.2,55.15,55.23,1697280,KMX
2016-11-21,55.95,56.85,55.52,56.57,1736887,KMX
2016-11-22,57.06,57.86,57.0,57.8,1797496,KMX
2016-11-23,57.62,58.41,57.4701,58.4,1383478,KMX
2016-11-25,58.36,58.86,58.24,58.38,455528,KMX
2016-11-28,58.28,58.61,57.32,57.37,1407885,KMX
2016-11-29,57.73,58.07,56.96,57.51,1141598,KMX
2016-11-30,57.56,58.04,57.35,57.79,1408609,KMX
2016-12-01,58.15,59.38,57.76,59.1,2332673,KMX
2016-12-02,59.16,59.27,57.9,57.99,2162841,KMX
2016-12-05,58.55,58.89,58.04,58.08,1956660,KMX
2016-12-06,58.66,60.56,58.66,60.5,2160323,KMX
2016-12-07,60.34,62.98,60.34,62.8,2005607,KMX
2016-12-08,62.87,64.88,62.77,64.16,2630073,KMX
2016-12-09,63.95,64.06,62.69,62.8,2252321,KMX
2016-12-12,62.78,63.325,62.08,62.8,3030553,KMX
2016-12-13,63.15,63.26,61.672,61.93,2328446,KMX
2016-12-14,61.95,62.315,61.27,61.42,2280887,KMX
2016-12-15,61.51,62.9225,61.51,62.82,1880008,KMX
2016-12-16,62.93,63.84,61.93,62.15,2806173,KMX
2016-12-19,62.15,62.78,62.021,62.36,3334664,KMX
2016-12-20,61.87,66.64,61.73,66.16,4929970,KMX
2016-12-21,66.02,66.43,65.57,66.0,2365035,KMX
2016-12-22,65.76,66.07,63.58,64.06,2333813,KMX
2016-12-23,64.04,64.8,63.44,64.04,1070049,KMX
2016-12-27,64.22,64.66,63.92,64.31,1216092,KMX
2016-12-28,64.61,65.95,63.55,63.79,1703273,KMX
2016-12-29,64.0,64.6,63.5,63.9,1098873,KMX
2016-12-30,64.2,64.58,63.52,64.39,1811519,KMX
2017-01-03,65.03,65.92,64.095,64.82,2302606,KMX
2017-01-04,65.18,67.6,65.08,66.76,3485940,KMX
2017-01-05,66.17,67.17,65.34,66.38,2052177,KMX
2017-01-06,66.19,66.51,65.37,65.4,1277429,KMX
2017-01-09,65.46,65.87,64.85,65.19,1557353,KMX
2017-01-10,65.01,66.73,65.0,65.68,2462390,KMX
2017-01-11,67.09,68.06,66.25,66.89,2431931,KMX
2017-01-12,66.95,67.1,65.48,66.81,1278194,KMX
2017-01-13,66.82,67.51,66.73,67.17,1063040,KMX
2017-01-17,67.17,67.32,66.2,66.47,1402518,KMX
2017-01-18,66.25,66.39,65.22,65.68,2267565,KMX
2017-01-19,65.67,66.88,65.67,66.47,1994854,KMX
2017-01-20,66.68,67.11,66.11,66.65,1306557,KMX
2017-01-23,66.2,67.35,66.13,67.13,1768808,KMX
2017-01-24,67.51,68.72,67.31,68.21,2608697,KMX
2017-01-25,68.19,68.385,67.85,68.2,2866913,KMX
2017-01-26,68.34,68.86,67.56,67.67,1622716,KMX
2017-01-27,67.87,67.97,67.18,67.46,1084433,KMX
2017-01-30,67.3,67.47,66.22,66.89,2534460,KMX
2017-01-31,66.85,66.92,65.74,66.71,3275669,KMX
2017-02-01,65.0,66.55,64.7,65.19,2931719,KMX
2017-02-02,65.37,65.77,64.63,65.0,1689935,KMX
2017-02-03,65.03,66.11,65.03,65.69,1428378,KMX
2017-02-06,65.37,65.59,64.67,65.11,1340321,KMX
2017-02-07,65.16,65.85,65.02,65.83,1669370,KMX
2017-02-08,65.53,66.94,65.5,66.76,2276220,KMX
2017-02-09,66.84,67.68,66.11,67.44,1432574,KMX
2017-02-10,67.72,67.91,66.75,67.54,1531024,KMX
2017-02-13,67.79,67.95,67.03,67.5,1437186,KMX
2017-02-14,67.5,68.31,67.3,68.22,1308614,KMX
2017-02-15,67.91,68.86,67.79,68.6,1793110,KMX
2017-02-16,68.5,69.11,68.2,68.28,1606836,KMX
2017-02-17,67.63,67.65,66.39,67.02,2383545,KMX
2017-02-21,67.58,68.57,67.19,68.25,1658161,KMX
2017-02-22,67.86,68.24,67.31,67.55,1453399,KMX
2017-02-23,67.47,67.785,65.96,66.07,1368826,KMX
2017-02-24,65.86,66.24,64.89,65.83,1961204,KMX
2017-02-27,65.94,66.21,65.6,66.07,1397743,KMX
2017-02-28,65.72,65.94,64.175,64.54,3043041,KMX
2017-03-01,65.51,66.44,62.64,65.18,6525526,KMX
2017-03-02,64.91,66.15,64.8,65.03,1833065,KMX
2017-03-03,65.24,65.55,64.46,64.87,1946013,KMX
2017-03-06,64.3,64.54,63.77,63.9,1760199,KMX
2017-03-07,63.72,64.83,63.6,63.81,1882047,KMX
2017-03-08,64.05,65.135,63.875,64.61,1348175,KMX
2017-03-09,64.28,64.98,63.61,63.77,1266559,KMX
2017-03-10,64.15,64.82,63.85,64.2,1139221,KMX
2017-03-13,64.16,64.37,63.27,63.39,1667718,KMX
2017-03-14,63.18,63.3907,62.18,62.98,2547892,KMX
2017-03-15,62.98,63.8,62.03,63.51,2689321,KMX
2017-03-16,63.57,63.96,62.65,63.54,1756135,KMX
2017-03-17,63.99,63.99,61.23,61.69,4293336,KMX
2017-03-20,61.59,62.01,60.93,61.17,2541552,KMX
2017-03-21,61.34,61.5,58.81,59.47,3509359,KMX
2017-03-22,59.43,61.01,58.92,60.07,2668898,KMX
2017-03-23,59.94,60.59,58.99,60.04,1862775,KMX
2017-03-24,60.21,60.66,59.18,59.6,1410307,KMX
2017-03-27,58.91,59.175,57.83,58.87,2728579,KMX
2017-03-28,58.88,59.92,58.64,59.76,2984319,KMX
2017-03-29,59.94,60.37,59.47,60.05,1489706,KMX
2017-03-30,59.92,60.73,59.92,60.06,1355031,KMX
2017-03-31,59.8,59.96,58.13,59.22,3993208,KMX
2017-04-03,58.2,58.5,56.01,56.67,5489857,KMX
2017-04-04,56.37,57.0,55.6,55.82,5023417,KMX
2017-04-05,57.0,58.05,56.5,56.66,7993264,KMX
2017-04-06,55.08,58.2,54.29,58.0,11001339,KMX
2017-04-07,57.8,58.17,55.71,56.5,7366324,KMX
2017-04-10,56.51,57.89,56.49,57.11,3355816,KMX
2017-04-11,57.1,57.61,56.35,57.24,2400703,KMX
2017-04-12,57.17,57.24,56.1,56.24,1620257,KMX
2017-04-13,56.15,56.5,55.37,55.37,1926168,KMX
2017-04-17,55.58,56.19,55.11,56.13,1687487,KMX
2017-04-18,55.75,55.94,55.05,55.61,2083282,KMX
2017-04-19,56.0,57.855,56.0,57.17,3641927,KMX
2017-04-20,57.51,58.9,57.51,58.8,3301794,KMX
2017-04-21,58.71,59.13,57.7,58.31,2821382,KMX
2017-04-24,59.69,59.89,58.845,59.69,2571244,KMX
2017-04-25,59.98,60.61,58.61,58.74,3043250,KMX
2017-04-26,58.91,60.48,58.71,59.96,4056398,KMX
2017-04-27,59.93,60.715,59.585,60.08,2006251,KMX
2017-04-28,60.055,60.055,58.305,58.5,3722194,KMX
2017-05-01,58.7,58.8,57.965,58.15,2152439,KMX
2017-05-02,58.18,58.59,56.53,57.88,3104791,KMX
2017-05-03,57.8,58.57,57.55,58.52,2088804,KMX
2017-05-04,58.6,59.26,58.45,58.71,1714026,KMX
2017-05-05,59.13,59.78,58.1,59.71,2180181,KMX
2017-05-08,59.81,60.729,59.55,60.28,2641479,KMX
2017-05-09,60.18,60.61,59.47,60.28,2184799,KMX
2017-05-10,60.19,60.47,59.55,59.93,1469517,KMX
2017-05-11,59.62,59.74,58.259,59.28,1741203,KMX
2017-05-12,58.95,59.46,58.59,59.39,1909681,KMX
2017-05-15,59.68,61.42,59.6,61.14,3146955,KMX
2017-05-16,61.33,61.74,60.66,61.66,3306312,KMX
2017-05-17,60.87,61.43,59.56,60.02,3084716,KMX
2017-05-18,61.23,64.66,61.03,63.71,7334537,KMX
2017-05-19,64.01,64.96,62.95,64.75,2533112,KMX
2017-05-22,65.06,65.8,64.9,65.03,1802163,KMX
2017-05-23,64.78,65.119,64.4,64.49,1986691,KMX
2017-05-24,64.28,64.83,63.97,64.51,1944381,KMX
2017-05-25,65.17,65.31,63.87,64.69,1736325,KMX
2017-05-26,64.47,64.92,64.05,64.72,1292956,KMX
2017-05-30,64.65,64.87,63.4,63.54,1662251,KMX
2017-05-31,63.68,63.74,61.78,62.83,2504954,KMX
2017-06-01,63.16,64.0,62.18,63.93,2706592,KMX
2017-06-02,63.89,64.33,62.84,63.6,1773718,KMX
2017-06-05,63.48,63.49,61.83,62.59,2609616,KMX
2017-06-06,62.05,62.34,61.16,61.64,2573916,KMX
2017-06-07,61.98,63.0,61.17,62.47,2444498,KMX
2017-06-08,62.34,62.89,60.55,60.76,2785068,KMX
2017-06-09,60.58,60.835,59.12,59.61,3397694,KMX
2017-06-12,59.56,61.43,59.56,60.8,2595120,KMX
2017-06-13,60.65,61.65,59.23,61.63,2618644,KMX
2017-06-14,61.67,61.95,60.74,61.83,1552296,KMX
2017-06-15,61.36,61.7326,60.46,61.55,2221606,KMX
2017-06-16,61.37,61.37,59.8,60.69,3041649,KMX
2017-06-19,60.92,61.93,59.985,61.65,4013613,KMX
2017-06-20,61.46,61.585,59.14,59.26,5646292,KMX
2017-06-21,63.82,63.95,58.34,59.74,11719119,KMX
2017-06-22,59.82,63.05,59.64,62.5,6826870,KMX
2017-06-23,62.43,62.61,61.2,61.71,3205466,KMX
2017-06-26,62.0,63.59,61.852,63.38,3068388,KMX
2017-06-27,63.75,64.28,63.0,63.1,1818515,KMX
2017-06-28,63.05,63.61,61.65,62.09,2867181,KMX
2017-06-29,62.27,63.095,61.85,62.26,1473122,KMX
2017-06-30,62.46,63.455,62.25,63.06,2035525,KMX
2017-07-03,63.4,64.5,62.94,63.74,1320904,KMX
2017-07-05,63.53,64.04,62.22,63.37,2196914,KMX
2017-07-06,63.34,64.23,62.961,63.51,2096649,KMX
2017-07-07,63.62,64.47,63.13,63.95,2068294,KMX
2017-07-10,63.51,64.32,63.25,64.2,1777320,KMX
2017-07-11,64.35,64.5,63.16,63.67,1618095,KMX
2017-07-12,64.15,65.3,63.72,64.2,1709469,KMX
2017-07-13,64.43,65.7,64.21,65.03,1660095,KMX
2017-07-14,65.02,65.285,64.08,64.42,1367884,KMX
2017-07-17,64.5,65.46,64.35,65.03,1155952,KMX
2017-07-18,64.77,65.19,64.09,64.74,1622787,KMX
2017-07-19,64.9,65.37,64.65,64.83,1201827,KMX
2017-07-20,64.83,65.18,63.85,64.38,1157513,KMX
2017-07-21,64.59,66.19,64.44,66.09,2720285,KMX
2017-07-24,65.78,66.22,65.19,65.7,1528416,KMX
2017-07-25,65.97,66.55,65.55,66.18,2211570,KMX
2017-07-26,66.3,66.99,65.82,66.73,1840934,KMX
2017-07-27,66.79,67.25,65.95,66.48,1294068,KMX
2017-07-28,66.38,66.88,65.75,66.79,1002473,KMX
2017-07-31,66.84,67.07,65.95,66.25,1185525,KMX
2017-08-01,66.16,66.7599,65.13,66.65,1323400,KMX
2017-08-02,65.5,66.45,65.38,65.72,1353097,KMX
2017-08-03,65.74,66.5,65.44,65.54,932019,KMX
2017-08-04,65.82,65.99,65.5,65.72,1077651,KMX
2017-08-07,65.61,66.315,65.29,65.83,1009129,KMX
2017-08-08,65.77,66.35,64.71,64.87,1019596,KMX
2017-08-09,64.51,65.25,64.09,65.23,1157452,KMX
2017-08-10,64.75,64.99,63.905,63.93,1567397,KMX
2017-08-11,63.74,64.94,63.71,64.42,944395,KMX
2017-08-14,64.98,65.54,64.6,64.92,916910,KMX
2017-08-15,64.82,65.78,63.9551,64.46,1351215,KMX
2017-08-16,64.71,65.65,64.71,64.82,1203212,KMX
2017-08-17,64.46,65.285,63.94,63.97,1146097,KMX
2017-08-18,63.82,64.72,63.67,63.97,1230378,KMX
2017-08-21,64.02,64.49,63.58,64.14,1309590,KMX
2017-08-22,64.27,64.4,63.44,63.85,1668439,KMX
2017-08-23,63.53,64.3399,63.28,64.05,1090167,KMX
2017-08-24,64.63,65.03,63.67,63.73,889234,KMX
2017-08-25,64.14,65.0,63.96,64.39,1551315,KMX
2017-08-28,64.3,64.4,63.12,63.48,1516683,KMX
2017-08-29,62.98,63.73,62.7442,63.56,1896776,KMX
2017-08-30,63.67,66.07,63.67,65.99,1741235,KMX
2017-08-31,66.13,67.47,66.13,67.15,2155802,KMX
2017-09-01,67.67,68.8,67.45,68.12,2307814,KMX
2017-09-05,68.09,69.12,67.92,69.02,2160026,KMX
2017-09-06,69.3,69.39,68.45,69.08,1515075,KMX
2017-09-07,69.15,69.52,68.17,68.34,1589058,KMX
2017-09-08,68.52,68.86,67.58,68.47,1628202,KMX
2017-09-11,68.5,69.03,68.02,68.5,1181555,KMX
2017-09-12,68.76,68.88,67.76,68.35,1484439,KMX
2017-09-13,68.59,69.92,68.18,69.09,2463621,KMX
2017-09-14,68.96,69.77,68.88,69.46,1544611,KMX
2017-09-15,69.27,69.66,67.99,68.08,3229683,KMX
2017-09-18,68.25,69.01,68.09,68.34,2110187,KMX
2017-09-19,69.07,69.46,68.125,68.46,1873788,KMX
2017-09-20,68.9,69.13,68.529,68.67,1640740,KMX
2017-09-21,68.91,69.98,68.36,68.84,2714917,KMX
2017-09-22,71.4,74.6,70.33,74.19,8937488,KMX
2017-09-25,73.79,75.56,73.27,74.29,3214053,KMX
2017-09-26,73.6,74.48,72.88,73.59,3638392,KMX
2017-09-27,73.95,75.82,73.95,75.35,2866377,KMX
2017-09-28,75.24,75.95,74.84,75.93,1911188,KMX
2017-09-29,76.1,76.4,75.55,75.81,1402111,KMX
2017-10-02,76.03,76.59,75.52,76.59,1593218,KMX
2017-10-03,76.86,77.64,76.21,76.33,1730879,KMX
2017-10-04,76.17,76.86,75.83,76.45,1627088,KMX
2017-10-05,75.2,76.65,75.09,76.37,2142668,KMX
2017-10-06,76.25,76.97,76.25,76.81,1298360,KMX
2017-10-09,76.83,77.31,76.04,76.18,1045816,KMX
2017-10-10,76.18,76.91,75.91,76.23,1305279,KMX
2017-10-11,76.27,76.37,75.72,76.06,1313351,KMX
2017-10-12,76.24,76.32,75.45,75.7,1519546,KMX
2017-10-13,75.66,76.0,75.29,75.44,929439,KMX
2017-10-16,75.18,75.55,74.91,75.46,1470031,KMX
2017-10-17,75.25,75.765,75.19,75.37,1191691,KMX
2017-10-18,75.78,76.08,75.2,75.26,1057691,KMX
2017-10-19,74.82,75.07,74.36,74.84,1027351,KMX
2017-10-20,75.22,75.42,74.97,75.14,1144094,KMX
2017-10-23,75.03,75.5799,74.35,74.39,1096798,KMX
2017-10-24,74.56,75.21,74.49,74.78,1355552,KMX
2017-10-25,74.47,74.64,73.525,74.24,1363106,KMX
2017-10-26,74.26,74.91,73.891,74.86,1319743,KMX
2017-10-27,74.64,74.64,73.65,74.36,1128506,KMX
2017-10-30,74.16,75.14,74.16,74.95,847122,KMX
2017-10-31,75.0,76.04,74.82,75.1,1135762,KMX
2017-11-01,75.3,75.505,74.16,74.46,1035302,KMX
2017-11-02,74.78,76.88,74.69,75.98,1270781,KMX
2017-11-03,75.98,76.14,75.07,75.19,699156,KMX
2017-11-06,75.3,75.79,74.86,74.91,720078,KMX
2017-11-07,74.73,74.9,72.92,73.42,1600286,KMX
2017-11-08,73.11,73.8,72.82,73.44,1357853,KMX
2017-11-09,72.96,73.35,71.8,72.18,1453467,KMX
2017-11-10,72.0,73.27,71.93,72.68,1336660,KMX
2017-11-13,72.66,73.02,72.21,72.35,1337530,KMX
2017-11-14,71.73,72.41,70.79,70.94,2539484,KMX
2017-11-15,70.46,71.32,69.75,70.72,2152405,KMX
2017-11-16,70.81,71.285,70.32,70.55,1643182,KMX
2017-11-17,69.08,69.93,68.66,69.45,2627179,KMX
2017-11-20,69.55,69.75,69.37,69.62,2879429,KMX
2017-11-21,69.67,69.67,68.46,68.75,2362284,KMX
2017-11-22,68.68,69.32,67.59,67.99,4742335,KMX
2017-11-24,68.24,68.7999,67.75,68.05,1226091,KMX
2017-11-27,68.24,68.57,67.68,67.87,1488120,KMX
2017-11-28,67.99,68.52,66.63,67.46,3213255,KMX
2017-11-29,67.75,69.86,67.625,68.5,3608535,KMX
2017-11-30,68.67,69.16,67.94,68.91,1992394,KMX
2017-12-01,69.02,69.05,67.285,68.38,1571289,KMX
2017-12-04,69.46,70.93,69.09,70.71,2748761,KMX
2017-12-05,70.73,70.95,67.7075,67.72,3143692,KMX
2017-12-06,67.24,67.37,65.55,66.55,2305896,KMX
2017-12-07,66.58,67.12,66.08,66.97,1828629,KMX
2017-12-08,67.07,67.6921,66.71,67.48,1635685,KMX
2017-12-11,68.01,68.2,67.53,67.97,1107674,KMX
2017-12-12,68.0,68.15,66.82,66.86,1379637,KMX
2017-12-13,66.91,67.79,66.135,67.47,1614619,KMX
2017-12-14,68.35,69.25,66.84,67.09,2388656,KMX
2017-12-15,67.45,68.34,67.26,67.73,2828879,KMX
2017-12-18,68.21,69.08,68.04,68.52,2270406,KMX
2017-12-19,68.39,68.64,67.34,67.85,3865981,KMX
2017-12-20,67.92,68.88,67.34,68.47,4614596,KMX
2017-12-21,67.4,67.56,64.81,66.0,6327698,KMX
2017-12-22,65.68,66.155,64.78,65.23,2431030,KMX
2017-12-26,65.15,65.74,65.05,65.55,1882557,KMX
2017-12-27,65.62,65.66,64.83,64.91,1501418,KMX
2017-12-28,65.03,65.07,64.38,64.81,1339096,KMX
2017-12-29,65.14,65.34,64.13,64.13,1447283,KMX
2018-01-02,64.26,64.81,63.56,64.76,2715325,KMX
2018-01-03,65.0,67.0,64.8,66.94,4196054,KMX
2018-01-04,67.25,68.955,67.25,68.25,4086190,KMX
2018-01-05,68.5,71.17,68.5,71.04,3797033,KMX
2018-01-08,71.9,72.19,69.41,70.05,3627348,KMX
2018-01-09,69.84,69.97,69.03,69.8,2361903,KMX
2018-01-10,69.75,70.34,69.3,70.3,2132009,KMX
2018-01-11,70.43,72.115,70.43,71.91,1936286,KMX
2018-01-12,71.82,72.805,71.76,72.33,1904857,KMX
2018-01-16,72.71,72.88,71.02,71.33,1521216,KMX
2018-01-17,71.36,71.56,69.74,69.84,1659452,KMX
2018-01-18,71.64,71.64,70.23,70.54,1159503,KMX
2018-01-19,70.93,70.93,69.88,70.58,1202842,KMX
2018-01-22,70.95,71.57,70.62,71.49,1767521,KMX
2018-01-23,71.42,71.42,69.79,70.54,1643654,KMX
2018-01-24,70.63,71.18,70.2,70.95,1345194,KMX
2018-01-25,71.37,71.72,71.03,71.54,1347600,KMX
2018-01-26,71.83,72.42,71.2,72.42,1104560,KMX
2018-01-29,72.33,72.55,71.83,72.36,1387316,KMX
2018-01-30,71.77,72.26,71.21,71.82,2077706,KMX
2018-01-31,72.14,72.55,71.04,71.37,2280179,KMX
2018-02-01,71.0,71.05,70.04,70.81,1266309,KMX
2018-02-02,70.6,70.73,68.74,68.75,2090244,KMX
2018-02-05,68.08,68.2,64.81,64.82,6223025,KMX
2018-02-06,63.51,66.1492,63.51,65.32,3749214,KMX
2018-02-07,64.89,66.06,64.59,65.4,1880342,KMX
