date,open,high,low,close,volume,name
2013-02-08,23.87,24.31,23.87,23.93,2522548,SWKS
2013-02-11,23.87,24.34,23.73,24.25,2387664,SWKS
2013-02-12,24.14,24.5,24.03,24.2,2991270,SWKS
2013-02-13,24.21,24.5,24.06,24.3,2684874,SWKS
2013-02-14,24.12,25.04,24.1,24.97,4413204,SWKS
2013-02-15,24.95,25.0,24.39,24.5,2876718,SWKS
2013-02-19,24.75,25.1,24.48,24.54,2511078,SWKS
2013-02-20,24.54,24.57,23.57,23.62,3726710,SWKS
2013-02-21,23.4,23.48,20.4,21.16,20353767,SWKS
2013-02-22,21.65,22.34,21.6,21.85,9045861,SWKS
2013-02-25,21.96,22.08,20.9,20.93,7600683,SWKS
2013-02-26,21.1,21.15,20.28,20.44,5795976,SWKS
2013-02-27,20.35,21.46,20.35,21.19,5232052,SWKS
2013-02-28,21.5,21.64,21.2,21.3,3672172,SWKS
2013-03-01,21.08,21.18,20.6,20.7,5449368,SWKS
2013-03-04,20.68,20.825,20.25,20.42,5358110,SWKS
2013-03-05,20.67,20.96,20.36,20.87,6769540,SWKS
2013-03-06,20.9,21.24,20.48,21.16,6465013,SWKS
2013-03-07,21.33,21.51,21.04,21.09,2768163,SWKS
2013-03-08,21.23,21.51,21.05,21.4,2690506,SWKS
2013-03-11,21.3,21.635,21.15,21.44,2944899,SWKS
2013-03-12,21.36,21.66,21.33,21.51,2783107,SWKS
2013-03-13,21.55,22.5599,21.52,22.17,3842885,SWKS
2013-03-14,22.42,22.67,22.16,22.3,2863779,SWKS
2013-03-15,22.24,22.479,21.66,21.74,6061414,SWKS
2013-03-18,21.36,21.745,20.98,21.57,3395351,SWKS
2013-03-19,21.69,21.8493,21.4175,21.635,3211197,SWKS
2013-03-20,21.75,21.93,21.4,21.68,2570426,SWKS
2013-03-21,21.44,21.67,21.13,21.52,2945161,SWKS
2013-03-22,21.58,21.695,21.33,21.49,2560591,SWKS
2013-03-25,21.69,21.81,21.15,21.27,2927920,SWKS
2013-03-26,21.48,21.76,21.16,21.6,2986748,SWKS
2013-03-27,21.54,21.768,21.21,21.64,2706379,SWKS
2013-03-28,21.59,22.06,21.54,22.025,2027561,SWKS
2013-04-01,21.98,22.08,21.15,21.2,2798380,SWKS
2013-04-02,21.33,21.55,20.85,20.97,3668429,SWKS
2013-04-03,21.07,21.119,20.35,20.53,3755423,SWKS
2013-04-04,20.52,21.02,20.44,21.01,2589282,SWKS
2013-04-05,20.58,20.95,20.25,20.91,2291499,SWKS
2013-04-08,20.88,21.29,20.77,21.24,1829990,SWKS
2013-04-09,21.37,21.39,20.83,21.1,1859020,SWKS
2013-04-10,21.23,22.02,21.1,21.84,2975914,SWKS
2013-04-11,21.66,22.5,21.51,22.42,5056348,SWKS
2013-04-12,22.14,22.35,21.92,22.105,3538040,SWKS
2013-04-15,21.99,22.13,21.22,21.25,2470160,SWKS
2013-04-16,21.56,21.7,21.23,21.64,2383562,SWKS
2013-04-17,21.31,21.35,20.49,20.68,4466539,SWKS
2013-04-18,20.84,20.99,20.1,20.15,2475680,SWKS
2013-04-19,20.16,20.32,19.57,20.17,3029646,SWKS
2013-04-22,20.17,20.62,19.57,20.58,3859243,SWKS
2013-04-23,20.8,21.32,20.63,20.8,3587417,SWKS
2013-04-24,21.06,21.6,20.86,21.439,3247783,SWKS
2013-04-25,21.47,22.26,21.45,22.02,5242491,SWKS
2013-04-26,22.03,22.3,21.05,21.42,5431623,SWKS
2013-04-29,21.66,22.35,21.31,22.05,5946344,SWKS
2013-04-30,21.92,22.12,21.69,22.07,3775637,SWKS
2013-05-01,22.17,22.175,21.37,21.57,3914848,SWKS
2013-05-02,21.72,22.03,21.61,21.95,2329561,SWKS
2013-05-03,22.24,22.61,22.12,22.36,3215505,SWKS
2013-05-06,22.49,23.34,22.46,23.04,3587528,SWKS
2013-05-07,23.01,23.0899,22.495,22.68,2992875,SWKS
2013-05-08,22.68,23.08,22.62,23.01,2419057,SWKS
2013-05-09,22.91,23.4,22.8101,23.26,2186752,SWKS
2013-05-10,23.2,23.78,23.2,23.69,3351502,SWKS
2013-05-13,23.68,23.8,23.43,23.56,2688511,SWKS
2013-05-14,23.54,23.78,23.49,23.68,2912509,SWKS
2013-05-15,23.55,23.95,23.5,23.95,2404748,SWKS
2013-05-16,23.77,24.08,23.535,23.6,2614216,SWKS
2013-05-17,23.81,23.91,23.582,23.89,2800449,SWKS
2013-05-20,23.76,23.89,23.55,23.73,1905115,SWKS
2013-05-21,23.73,24.0,23.54,23.68,2089724,SWKS
2013-05-22,23.75,23.89,22.98,23.23,2736590,SWKS
2013-05-23,22.72,23.21,22.335,23.09,3055588,SWKS
2013-05-24,22.92,22.972,22.32,22.64,2757259,SWKS
2013-05-28,23.0,23.16,22.71,22.86,2131116,SWKS
2013-05-29,22.74,22.755,22.41,22.58,2732000,SWKS
2013-05-30,22.94,23.73,22.86,23.64,4906415,SWKS
2013-05-31,23.62,24.58,23.5079,23.86,5957220,SWKS
2013-06-03,24.04,24.15,23.375,23.57,3233320,SWKS
2013-06-04,23.54,24.01,23.275,23.6,3129067,SWKS
2013-06-05,23.44,23.55,22.93,23.13,3629107,SWKS
2013-06-06,23.24,23.29,21.9,22.66,6071285,SWKS
2013-06-07,22.63,22.75,21.84,22.4,3956623,SWKS
2013-06-10,22.46,22.58,22.14,22.17,2170751,SWKS
2013-06-11,21.87,21.97,21.285,21.34,3848331,SWKS
2013-06-12,21.5,21.59,20.615,20.72,3655611,SWKS
2013-06-13,20.94,22.0901,20.87,21.98,4660392,SWKS
2013-06-14,22.3399,22.34,21.73,21.77,1803229,SWKS
2013-06-17,22.0,22.15,21.69,21.83,1371978,SWKS
2013-06-18,21.92,22.46,21.92,22.31,2406557,SWKS
2013-06-19,22.37,22.6,22.2,22.21,3406771,SWKS
2013-06-20,21.88,22.09,21.55,21.62,3954567,SWKS
2013-06-21,21.77,22.0,21.351,21.8,4304660,SWKS
2013-06-24,21.54,21.57,20.95,21.16,5310884,SWKS
2013-06-25,21.44,21.629,21.11,21.4,3050027,SWKS
2013-06-26,21.71,22.06,21.55,21.764,3240883,SWKS
2013-06-27,21.95,22.16,21.45,21.6,2758640,SWKS
2013-06-28,21.42,22.08,21.33,21.89,3457374,SWKS
2013-07-01,22.1,22.27,21.86,21.92,1592608,SWKS
2013-07-02,21.86,22.146,21.46,21.58,2548129,SWKS
2013-07-03,21.61,21.99,21.44,21.81,1438032,SWKS
2013-07-05,22.0,22.01,21.63,21.85,1873414,SWKS
2013-07-08,21.96,22.01,20.95,20.985,3514422,SWKS
2013-07-09,21.15,21.37,20.97,21.35,3146960,SWKS
2013-07-10,21.3,21.75,21.3,21.47,2477958,SWKS
2013-07-11,21.75,21.99,21.6,21.94,2765193,SWKS
2013-07-12,21.94,22.49,21.94,22.19,2752097,SWKS
2013-07-15,22.21,22.4,21.89,21.94,3004922,SWKS
2013-07-16,21.95,22.77,21.95,22.74,3217330,SWKS
2013-07-17,22.85,23.04,22.68,22.82,2318251,SWKS
2013-07-18,22.95,23.065,22.235,22.45,6507433,SWKS
2013-07-19,24.27,24.94,23.85,23.89,15356637,SWKS
2013-07-22,23.89,24.0,23.4,23.93,3929820,SWKS
2013-07-23,24.11,24.37,23.915,24.25,2929799,SWKS
2013-07-24,24.5,24.84,24.32,24.51,6290506,SWKS
2013-07-25,24.4,24.58,24.185,24.41,3180137,SWKS
2013-07-26,24.24,24.27,23.75,23.95,2716756,SWKS
2013-07-29,23.72,24.08,23.55,23.6,2381702,SWKS
2013-07-30,23.63,24.05,23.6,23.77,1863020,SWKS
2013-07-31,23.75,24.25,23.51,24.035,3079041,SWKS
2013-08-01,24.2,24.85,24.13,24.74,3759476,SWKS
2013-08-02,24.52,24.71,24.3,24.61,2271738,SWKS
2013-08-05,24.53,24.78,24.53,24.65,1763225,SWKS
2013-08-06,24.57,24.655,24.11,24.26,1862177,SWKS
2013-08-07,24.02,24.205,23.61,23.63,3407662,SWKS
2013-08-08,23.77,23.91,23.5,23.64,2098330,SWKS
2013-08-09,23.57,24.03,23.57,23.75,2209230,SWKS
2013-08-12,23.75,24.45,23.75,24.25,2380718,SWKS
2013-08-13,24.25,24.82,24.06,24.74,2401119,SWKS
2013-08-14,24.75,24.8,24.46,24.68,3485813,SWKS
2013-08-15,24.36,24.58,24.04,24.41,2473240,SWKS
2013-08-16,24.36,24.73,24.33,24.5,1940756,SWKS
2013-08-19,24.44,24.85,24.43,24.49,2433482,SWKS
2013-08-20,24.55,25.19,24.53,24.85,3274126,SWKS
2013-08-21,24.73,25.015,24.62,24.77,1927711,SWKS
2013-08-22,24.82,25.29,24.78,25.09,1140185,SWKS
2013-08-23,25.36,25.36,24.8012,25.16,1539191,SWKS
2013-08-26,25.13,25.39,24.99,25.21,1499437,SWKS
2013-08-27,25.0,25.03,24.33,24.44,3176258,SWKS
2013-08-28,24.46,25.55,24.44,25.36,3857141,SWKS
2013-08-29,25.41,26.1,25.34,25.92,3247835,SWKS
2013-08-30,26.0,26.0,25.05,25.36,3239674,SWKS
2013-09-03,25.76,26.09,25.01,25.41,3325161,SWKS
2013-09-04,25.56,25.99,25.3755,25.821,2289637,SWKS
2013-09-05,25.87,26.0499,25.36,25.91,1918200,SWKS
2013-09-06,26.0,26.05,25.45,25.72,2942378,SWKS
2013-09-09,25.89,26.18,25.76,25.99,2282199,SWKS
2013-09-10,26.22,26.46,26.02,26.33,2768839,SWKS
2013-09-11,26.2,26.2,25.525,25.58,6116658,SWKS
2013-09-12,25.62,25.75,25.28,25.4,2556978,SWKS
2013-09-13,25.38,25.63,25.12,25.27,1957668,SWKS
2013-09-16,25.59,25.64,25.23,25.31,1879149,SWKS
2013-09-17,25.44,25.89,25.4,25.68,2812107,SWKS
2013-09-18,25.75,25.91,25.52,25.769,1814653,SWKS
2013-09-19,25.88,25.91,25.535,25.63,1704117,SWKS
2013-09-20,25.68,26.0,25.59,25.59,3584431,SWKS
2013-09-23,26.15,26.3,25.63,25.86,3084567,SWKS
2013-09-24,25.85,26.12,25.57,25.83,2381364,SWKS
2013-09-25,25.57,25.615,24.88,25.125,3925704,SWKS
2013-09-26,25.15,25.41,24.86,25.01,2333951,SWKS
2013-09-27,24.86,25.15,24.55,24.77,2441077,SWKS
2013-09-30,24.47,25.0686,24.26,24.84,2201449,SWKS
2013-10-01,24.93,25.61,24.8501,25.56,3182661,SWKS
2013-10-02,25.3,25.68,25.08,25.19,2121967,SWKS
2013-10-03,25.1,25.31,24.65,24.92,2039010,SWKS
2013-10-04,25.04,25.85,24.94,25.64,2479685,SWKS
2013-10-07,25.38,25.66,25.12,25.29,1573951,SWKS
2013-10-08,25.14,25.44,24.69,24.87,2152342,SWKS
2013-10-09,24.9,24.95,24.5399,24.7,1968640,SWKS
2013-10-10,24.95,25.23,24.95,25.08,2241426,SWKS
2013-10-11,25.0,25.16,24.88,25.05,1898146,SWKS
2013-10-14,24.82,25.27,24.76,25.21,1701342,SWKS
2013-10-15,25.18,25.3,24.81,24.85,1965787,SWKS
2013-10-16,25.07,25.24,24.92,25.189,2041791,SWKS
2013-10-17,25.07,25.085,24.54,24.6,4074459,SWKS
2013-10-18,24.71,24.94,24.31,24.92,2740318,SWKS
2013-10-21,25.0,25.61,24.985,25.6,2538570,SWKS
2013-10-22,25.63,25.7,25.085,25.3,2396905,SWKS
2013-10-23,24.92,24.94,23.27,23.84,7190165,SWKS
2013-10-24,23.6,23.86,23.415,23.71,4276441,SWKS
2013-10-25,23.85,24.0,23.74,23.86,2421922,SWKS
2013-10-28,24.07,24.375,24.02,24.24,3165379,SWKS
2013-10-29,24.42,24.64,24.36,24.605,2396731,SWKS
2013-10-30,24.62,24.74,24.27,24.48,4003436,SWKS
2013-10-31,26.3,26.3,25.6,25.8,7206675,SWKS
2013-11-01,25.86,26.13,25.82,25.97,4626465,SWKS
2013-11-04,26.14,26.15,25.77,25.81,2259068,SWKS
2013-11-05,25.68,26.01,25.46,25.81,1783556,SWKS
2013-11-06,26.0,26.2,25.78,26.18,2207029,SWKS
2013-11-07,26.13,26.2,25.21,25.25,3472405,SWKS
2013-11-08,25.28,25.41,25.0,25.35,2034382,SWKS
2013-11-11,25.21,25.28,24.88,25.15,1973941,SWKS
2013-11-12,24.98,25.755,24.97,25.56,3430419,SWKS
2013-11-13,25.53,26.07,25.44,26.01,2516345,SWKS
2013-11-14,26.03,26.25,25.94,26.07,1889980,SWKS
2013-11-15,26.07,26.2,25.88,25.93,1644606,SWKS
2013-11-18,26.0,26.0,25.29,25.33,2616101,SWKS
2013-11-19,25.68,25.8,25.05,25.12,2420941,SWKS
2013-11-20,25.12,25.89,25.11,25.67,3073870,SWKS
2013-11-21,25.8,26.67,25.67,26.57,3682302,SWKS
2013-11-22,26.27,26.65,26.27,26.51,1881003,SWKS
2013-11-25,26.59,26.75,26.22,26.72,1693429,SWKS
2013-11-26,26.47,26.6998,26.33,26.48,2227565,SWKS
2013-11-27,26.44,26.65,26.3,26.61,1741805,SWKS
2013-11-29,26.63,26.78,26.51,26.59,865943,SWKS
2013-12-02,26.59,27.37,26.43,27.18,3089203,SWKS
2013-12-03,27.11,27.64,27.05,27.58,2986785,SWKS
2013-12-04,27.4,27.74,27.1896,27.63,2590232,SWKS
2013-12-05,27.8,28.3096,27.7,28.15,2782692,SWKS
2013-12-06,28.48,28.48,27.465,27.5,3264586,SWKS
2013-12-09,27.69,28.54,27.49,28.43,3125687,SWKS
2013-12-10,28.41,28.5,28.06,28.24,1863603,SWKS
2013-12-11,28.35,28.56,27.84,27.87,1930421,SWKS
2013-12-12,27.85,28.13,27.6304,27.73,1609335,SWKS
2013-12-13,27.68,27.76,27.28,27.32,2170695,SWKS
2013-12-16,27.5,27.87,27.41,27.67,2249862,SWKS
2013-12-17,27.78,28.609,27.67,28.41,3262546,SWKS
2013-12-18,28.35,28.443,27.61,27.97,2642349,SWKS
2013-12-19,28.09,28.09,27.44,27.47,2503183,SWKS
2013-12-20,27.56,27.96,27.47,27.685,4205955,SWKS
2013-12-23,28.0,28.2097,27.85,27.86,2338160,SWKS
2013-12-24,27.94,28.37,27.9,28.08,1287835,SWKS
2013-12-26,28.23,28.42,27.77,27.92,1774993,SWKS
2013-12-27,27.96,28.09,27.78,27.85,1479420,SWKS
2013-12-30,27.89,28.38,27.86,28.32,1573235,SWKS
2013-12-31,28.29,28.64,28.22,28.56,1593922,SWKS
2014-01-02,28.3,28.34,27.2,27.4,3534856,SWKS
2014-01-03,27.4,27.75,27.4,27.72,1974176,SWKS
2014-01-06,27.87,27.926,27.35,27.63,2180925,SWKS
2014-01-07,27.65,28.0,27.61,27.79,1799073,SWKS
2014-01-08,27.95,28.04,27.755,27.92,2729946,SWKS
2014-01-09,28.06,28.06,27.53,27.72,2920379,SWKS
2014-01-10,27.66,27.84,27.4,27.75,1956470,SWKS
2014-01-13,28.38,29.21,28.14,28.44,4978289,SWKS
2014-01-14,28.64,29.17,28.61,28.92,2492653,SWKS
2014-01-15,29.14,29.3,28.9,29.11,2792672,SWKS
2014-01-16,29.11,29.15,28.375,28.62,6670100,SWKS
2014-01-17,31.55,31.8,30.27,30.53,13657239,SWKS
2014-01-21,30.61,31.32,30.56,31.22,6948187,SWKS
2014-01-22,31.37,31.69,31.319,31.59,4008836,SWKS
2014-01-23,31.55,31.67,31.02,31.43,3103281,SWKS
2014-01-24,31.27,31.35,30.655,30.77,3002899,SWKS
2014-01-27,30.98,31.155,30.22,30.38,3038835,SWKS
2014-01-28,29.51,30.11,29.02,30.05,6464453,SWKS
2014-01-29,29.95,30.276,29.61,30.14,4446423,SWKS
2014-01-30,30.64,30.69,30.15,30.56,1865349,SWKS
2014-01-31,30.21,30.68,30.2,30.25,1936671,SWKS
2014-02-03,30.15,30.29,29.285,29.57,4866445,SWKS
2014-02-04,29.76,29.84,29.34,29.71,2782035,SWKS
2014-02-05,29.53,30.14,29.25,29.86,2348289,SWKS
2014-02-06,30.11,30.73,30.0,30.26,2566549,SWKS
2014-02-07,30.41,30.69,30.345,30.47,1617969,SWKS
2014-02-10,30.57,31.06,30.5,30.7,2131702,SWKS
2014-02-11,30.81,31.585,30.66,31.09,3382245,SWKS
2014-02-12,31.31,32.135,31.3,32.12,3846157,SWKS
2014-02-13,31.99,32.189,31.75,32.11,2927643,SWKS
2014-02-14,32.1,32.2,31.83,32.0,1813355,SWKS
2014-02-18,32.14,32.145,31.57,31.8,2682262,SWKS
2014-02-19,31.68,31.8,31.27,31.32,2468019,SWKS
2014-02-20,32.0,33.4,31.9,33.32,8262415,SWKS
2014-02-21,33.44,33.44,32.69,32.72,3552614,SWKS
2014-02-24,33.7,34.45,33.3,34.4,7786308,SWKS
2014-02-25,34.49,34.6,33.58,33.76,4152612,SWKS
2014-02-26,33.7,35.05,33.7,35.02,4803711,SWKS
2014-02-27,34.88,35.13,34.5,34.95,3528286,SWKS
2014-02-28,34.84,35.98,34.83,35.46,5197808,SWKS
2014-03-03,35.31,36.3,34.86,36.2,5168755,SWKS
2014-03-04,36.62,36.98,36.08,36.75,5712677,SWKS
2014-03-05,36.83,36.965,36.54,36.8,2752521,SWKS
2014-03-06,37.03,37.315,36.8299,37.0,3119122,SWKS
2014-03-07,37.22,37.24,36.41,36.65,2843498,SWKS
2014-03-10,36.43,36.95,36.12,36.5,1871986,SWKS
2014-03-11,36.65,36.77,36.03,36.23,2538653,SWKS
2014-03-12,36.22,37.48,36.0515,37.32,4157962,SWKS
2014-03-13,37.43,37.69,36.52,36.83,3270414,SWKS
2014-03-14,36.6,37.05,36.6,36.68,2514402,SWKS
2014-03-17,36.82,37.08,36.68,36.88,1963417,SWKS
2014-03-18,37.2,37.59,36.88,37.49,1714287,SWKS
2014-03-19,37.42,38.14,37.31,37.69,2169628,SWKS
2014-03-20,37.69,39.335,37.6,39.27,4667520,SWKS
2014-03-21,39.22,39.33,37.48,37.55,5640475,SWKS
2014-03-24,37.84,38.16,37.04,37.38,3035209,SWKS
2014-03-25,37.81,38.261,37.58,37.72,1975840,SWKS
2014-03-26,37.88,38.2,36.67,36.74,3192969,SWKS
2014-03-27,37.42,37.44,36.54,36.91,2440143,SWKS
2014-03-28,37.14,37.24,36.7775,36.94,1812796,SWKS
2014-03-31,37.32,37.98,37.3,37.52,2785048,SWKS
2014-04-01,37.52,37.83,36.94,37.61,3787234,SWKS
2014-04-02,37.73,37.82,37.13,37.58,2693996,SWKS
2014-04-03,37.58,38.3,37.44,37.67,2066564,SWKS
2014-04-04,37.99,38.15,35.77,35.9,3838952,SWKS
2014-04-07,35.6001,36.47,35.1,35.72,3544654,SWKS
2014-04-08,35.78,36.38,35.48,36.02,2235906,SWKS
2014-04-09,36.54,37.05,36.28,36.89,2312380,SWKS
2014-04-10,36.82,36.97,35.44,35.51,2378207,SWKS
2014-04-11,35.0,35.76,34.3004,34.9,2377328,SWKS
2014-04-14,35.23,35.675,34.9,35.33,2351889,SWKS
2014-04-15,35.36,35.915,34.98,35.76,2958499,SWKS
2014-04-16,35.92,35.92,34.96,35.81,3119216,SWKS
2014-04-17,35.57,36.52,35.56,36.08,2833617,SWKS
2014-04-21,36.53,37.13,36.19,37.02,3951377,SWKS
2014-04-22,37.21,37.97,36.87,37.96,6631585,SWKS
2014-04-23,41.5,41.97,40.36,41.5,11148717,SWKS
2014-04-24,41.63,42.49,41.23,42.16,4799562,SWKS
2014-04-25,41.51,42.15,41.0,41.46,3114614,SWKS
2014-04-28,41.9,42.3,40.35,41.38,4050108,SWKS
2014-04-29,41.63,41.8508,40.97,41.03,3520438,SWKS
2014-04-30,41.03,41.47,40.86,41.05,3254496,SWKS
2014-05-01,41.2,41.93,40.95,41.25,2442381,SWKS
2014-05-02,41.45,41.65,40.91,41.43,1953575,SWKS
2014-05-05,41.38,42.15,41.01,41.97,2196893,SWKS
2014-05-06,42.06,42.16,41.27,41.37,2325364,SWKS
2014-05-07,41.51,41.54,39.95,41.05,3137177,SWKS
2014-05-08,40.99,42.45,40.6702,41.44,3117955,SWKS
2014-05-09,41.14,41.49,40.69,41.35,1862706,SWKS
2014-05-12,41.58,42.97,41.55,42.72,3196714,SWKS
2014-05-13,43.0,44.17,42.42,42.52,3509529,SWKS
2014-05-14,42.5,42.6,41.84,41.92,2482165,SWKS
2014-05-15,41.84,41.99,40.08,40.84,4787559,SWKS
2014-05-16,40.76,40.87,40.141,40.75,2621110,SWKS
2014-05-19,40.7,41.54,40.66,41.11,2447902,SWKS
2014-05-20,41.0,41.075,40.25,40.53,2646638,SWKS
2014-05-21,40.77,41.39,40.6901,41.26,1865272,SWKS
2014-05-22,41.53,41.88,41.21,41.24,1911199,SWKS
2014-05-23,41.23,41.97,40.94,41.79,2126215,SWKS
2014-05-27,42.18,42.38,41.85,42.175,1909177,SWKS
2014-05-28,42.32,42.45,41.8,42.24,2506740,SWKS
2014-05-29,42.41,43.2,42.33,42.91,2733521,SWKS
2014-05-30,43.0,43.63,42.868,43.31,3096294,SWKS
2014-06-02,43.91,44.78,42.9,43.07,2506762,SWKS
2014-06-03,44.65,45.89,44.25,45.65,7168596,SWKS
2014-06-04,45.5,46.79,45.5,46.76,4015422,SWKS
2014-06-05,46.84,46.97,46.03,46.48,3104414,SWKS
2014-06-06,46.69,46.94,46.16,46.81,2775590,SWKS
2014-06-09,47.06,47.36,46.6,46.69,2906150,SWKS
2014-06-10,46.71,46.96,45.88,46.88,3484252,SWKS
2014-06-11,46.98,48.32,46.93,47.81,4093497,SWKS
2014-06-12,47.63,48.168,46.69,46.92,3414745,SWKS
2014-06-13,47.2,47.85,47.03,47.19,2360592,SWKS
2014-06-16,47.05,47.61,46.77,47.37,2527479,SWKS
2014-06-17,47.24,48.57,47.16,47.947,3381834,SWKS
2014-06-18,48.14,48.14,47.33,47.53,2010630,SWKS
2014-06-19,47.57,47.9,46.93,47.48,2137859,SWKS
2014-06-20,47.66,48.5,47.46,48.34,2892213,SWKS
2014-06-23,48.86,49.1,47.68,47.89,2608553,SWKS
2014-06-24,48.04,48.15,46.42,46.81,3670546,SWKS
2014-06-25,46.8,46.93,45.26,46.79,4192373,SWKS
2014-06-26,47.13,47.15,45.75,46.36,2553975,SWKS
2014-06-27,46.16,46.33,45.76,46.06,4653795,SWKS
2014-06-30,46.29,47.05,46.29,46.96,3070434,SWKS
2014-07-01,47.27,48.28,47.27,47.73,3675217,SWKS
2014-07-02,47.55,48.0,47.2337,47.62,1997338,SWKS
2014-07-03,47.9,48.21,47.59,48.09,1522151,SWKS
2014-07-07,48.0,48.59,47.31,47.39,2684081,SWKS
2014-07-08,47.2,47.3799,46.0,47.17,3412843,SWKS
2014-07-09,47.04,47.79,46.63,47.67,2450494,SWKS
2014-07-10,46.15,47.26,45.5,46.85,3531075,SWKS
2014-07-11,46.64,47.35,46.588,47.23,1977148,SWKS
2014-07-14,47.57,47.86,47.11,47.46,1908114,SWKS
2014-07-15,47.51,47.75,46.83,47.55,2587995,SWKS
2014-07-16,47.81,48.2,47.41,47.78,3490544,SWKS
2014-07-17,47.66,47.87,46.21,46.34,6421808,SWKS
2014-07-18,50.11,53.45,49.67,52.87,18366515,SWKS
2014-07-21,52.7,54.5,52.6175,54.24,6952279,SWKS
2014-07-22,54.3,54.4,53.56,54.22,4442134,SWKS
2014-07-23,54.24,54.26,53.41,53.45,3669862,SWKS
2014-07-24,53.4,53.76,52.41,52.65,3867006,SWKS
2014-07-25,52.68,52.7,51.36,51.44,4108830,SWKS
2014-07-28,51.67,52.34,50.75,52.18,3611630,SWKS
2014-07-29,52.26,52.97,52.06,52.14,2960757,SWKS
2014-07-30,52.41,52.76,51.6801,52.17,2416987,SWKS
2014-07-31,51.5,51.76,50.27,50.76,3666913,SWKS
2014-08-01,50.29,52.34,50.27,52.07,3999719,SWKS
2014-08-04,52.37,52.53,51.4247,52.12,2720376,SWKS
2014-08-05,51.67,52.204,51.32,51.89,2505464,SWKS
2014-08-06,51.75,52.49,51.73,52.15,2417052,SWKS
2014-08-07,52.4,52.75,50.88,51.13,3037512,SWKS
2014-08-08,51.12,51.35,50.47,51.27,3131870,SWKS
2014-08-11,51.99,52.72,51.6,52.12,2425577,SWKS
2014-08-12,52.6,52.655,51.51,52.41,2215899,SWKS
2014-08-13,52.42,54.05,52.36,54.01,3863566,SWKS
2014-08-14,54.12,54.311,53.12,53.5,2771597,SWKS
2014-08-15,53.97,54.88,53.5,54.39,2909570,SWKS
2014-08-18,54.68,54.78,53.5,54.3,2754939,SWKS
2014-08-19,54.32,55.64,54.3,55.38,2574483,SWKS
2014-08-20,55.01,56.08,55.01,55.82,1820355,SWKS
2014-08-21,55.87,55.99,55.09,55.26,1847778,SWKS
2014-08-22,55.42,55.45,54.51,55.15,2223057,SWKS
2014-08-25,55.6,55.66,54.6103,54.76,2225206,SWKS
2014-08-26,54.87,54.89,53.88,54.7,2335307,SWKS
2014-08-27,55.02,55.13,53.99,54.86,1858762,SWKS
2014-08-28,54.49,55.66,54.18,55.54,1843499,SWKS
2014-08-29,56.12,56.94,56.1,56.66,3071231,SWKS
2014-09-02,57.16,57.18,56.11,56.29,3327364,SWKS
2014-09-03,56.32,56.56,54.76,55.49,3586930,SWKS
2014-09-04,55.65,56.16,54.7,54.94,2595751,SWKS
2014-09-05,54.9,56.3,54.88,56.28,2561108,SWKS
2014-09-08,56.49,56.74,56.0,56.52,2193518,SWKS
2014-09-09,56.59,56.76,55.62,55.625,2341535,SWKS
2014-09-10,55.63,56.19,54.8,56.01,2099830,SWKS
2014-09-11,55.55,55.9999,55.19,55.84,1752376,SWKS
2014-09-12,55.83,55.93,54.82,55.02,2518984,SWKS
2014-09-15,55.02,55.44,53.71,54.0,3016441,SWKS
2014-09-16,53.76,55.9,53.53,55.82,3092655,SWKS
2014-09-17,55.66,56.24,55.36,55.88,2025922,SWKS
2014-09-18,56.52,57.98,56.245,57.8,3539404,SWKS
2014-09-19,58.12,58.483,56.6101,57.68,5958880,SWKS
2014-09-22,57.69,58.44,56.55,56.77,3069997,SWKS
2014-09-23,56.43,57.33,56.07,56.9,2296594,SWKS
2014-09-24,57.24,58.87,57.06,58.84,3141755,SWKS
2014-09-25,58.79,59.25,57.3201,57.515,2998964,SWKS
2014-09-26,57.89,58.75,57.59,58.41,2435866,SWKS
2014-09-29,57.71,58.79,57.51,58.53,1825503,SWKS
2014-09-30,58.64,58.76,57.67,58.05,2621210,SWKS
2014-10-01,57.69,57.8,52.57,53.31,10660807,SWKS
2014-10-02,53.68,54.28,51.63,53.62,6320915,SWKS
2014-10-03,54.24,55.91,54.13,55.25,4518702,SWKS
2014-10-06,55.89,55.93,53.2,54.095,3781388,SWKS
2014-10-07,53.6,53.6,52.3,52.41,4429809,SWKS
2014-10-08,52.36,54.4,51.41,54.26,4041018,SWKS
2014-10-09,54.03,54.25,52.15,52.23,2926148,SWKS
2014-10-10,50.1,50.13,44.06,47.01,12384008,SWKS
2014-10-13,47.43,47.55,45.1,45.32,7259581,SWKS
2014-10-14,48.28,50.99,47.5,48.91,12935935,SWKS
2014-10-15,47.55,50.455,47.25,49.605,7577876,SWKS
2014-10-16,48.38,52.0,48.38,51.525,6961995,SWKS
2014-10-17,52.75,53.16,50.7,51.06,4906275,SWKS
2014-10-20,50.89,51.965,50.45,51.86,3536299,SWKS
2014-10-21,53.32,54.71,53.0,54.7,4658871,SWKS
2014-10-22,55.0,55.23,53.56,53.69,3353643,SWKS
2014-10-23,54.5,55.94,54.278,55.34,3934545,SWKS
2014-10-24,55.14,55.498,54.56,55.04,3007968,SWKS
2014-10-27,54.64,55.1099,54.21,54.86,2649325,SWKS
2014-10-28,54.99,55.85,54.66,55.81,3358494,SWKS
2014-10-29,55.37,57.36,55.37,57.32,3105694,SWKS
2014-10-30,56.94,57.35,55.31,56.04,3529280,SWKS
2014-10-31,57.53,58.37,57.4,58.24,3686116,SWKS
2014-11-03,58.47,60.65,58.26,60.23,5158237,SWKS
2014-11-04,60.04,60.71,59.5,60.42,3898454,SWKS
2014-11-05,60.75,61.29,60.0001,60.88,4500870,SWKS
2014-11-06,61.0,62.34,60.33,62.14,6192206,SWKS
2014-11-07,62.85,63.39,56.681,59.88,11115819,SWKS
2014-11-10,60.24,61.54,60.0801,60.97,4277487,SWKS
2014-11-11,61.0,61.089,60.2416,60.97,2705382,SWKS
2014-11-12,60.9,61.8,60.76,60.99,3438572,SWKS
2014-11-13,61.07,61.7399,60.33,60.71,3186167,SWKS
2014-11-14,60.89,63.2,60.4,62.8,5876406,SWKS
2014-11-17,62.74,62.95,61.2301,62.15,3711544,SWKS
2014-11-18,62.2,63.97,62.184,63.9,4050735,SWKS
2014-11-19,63.85,63.99,62.66,63.81,3144009,SWKS
2014-11-20,63.2,64.91,62.81,64.66,3036882,SWKS
2014-11-21,65.14,65.35,64.05,64.36,3148023,SWKS
2014-11-24,64.68,66.0,64.5,65.73,2686622,SWKS
2014-11-25,66.38,66.5,64.942,65.47,10064917,SWKS
2014-11-26,65.68,67.995,65.68,67.9,3950859,SWKS
2014-11-28,67.9,68.0,67.08,67.47,1774302,SWKS
2014-12-01,67.26,67.35,64.33,65.77,4437650,SWKS
2014-12-02,64.84,66.25,64.03,65.8,4766915,SWKS
2014-12-03,66.02,66.84,65.0351,66.67,3870029,SWKS
2014-12-04,68.0,70.14,67.22,69.75,6626585,SWKS
2014-12-05,70.15,71.09,69.336,70.36,3988456,SWKS
2014-12-08,70.01,70.94,68.14,69.15,3816900,SWKS
2014-12-09,66.87,69.81,65.63,69.22,3000118,SWKS
2014-12-10,69.76,70.68,68.31,68.52,3454235,SWKS
2014-12-11,68.9,71.34,68.76,70.08,3375104,SWKS
2014-12-12,69.01,70.27,69.01,69.1,2384744,SWKS
2014-12-15,69.94,70.25,67.7,68.51,3576412,SWKS
2014-12-16,67.84,69.81,67.27,68.12,2881250,SWKS
2014-12-17,68.63,70.91,67.5,70.82,2825993,SWKS
2014-12-18,73.0,73.19,71.85,73.19,3716366,SWKS
2014-12-19,73.57,73.73,71.5909,72.7,4409197,SWKS
2014-12-22,72.95,74.82,72.2,74.42,2627142,SWKS
2014-12-23,74.84,74.97,73.22,73.4,2596746,SWKS
2014-12-24,73.83,74.55,73.56,74.32,922816,SWKS
2014-12-26,74.37,74.67,73.94,74.49,1398563,SWKS
2014-12-29,72.84,73.4,71.06,73.17,3932189,SWKS
2014-12-30,72.72,73.291,72.6,72.86,1673324,SWKS
2014-12-31,73.23,74.51,72.7,72.71,2012871,SWKS
2015-01-02,73.6,73.92,72.12,73.32,2852390,SWKS
2015-01-05,73.1,73.4,72.05,72.13,2924525,SWKS
2015-01-06,72.2,72.55,68.71,69.83,4755862,SWKS
2015-01-07,71.47,71.89,70.31,70.98,2896229,SWKS
2015-01-08,72.0,74.74,71.75,74.2,3773010,SWKS
2015-01-09,74.74,74.76,72.51,74.08,2865436,SWKS
2015-01-12,74.15,74.25,71.605,72.32,2739044,SWKS
2015-01-13,74.0,74.8,72.1,72.84,3039598,SWKS
2015-01-14,71.37,72.67,70.6,71.6,3062237,SWKS
2015-01-15,72.02,72.96,70.81,71.325,2734652,SWKS
2015-01-16,71.06,74.0,71.03,73.85,3080719,SWKS
2015-01-20,74.65,75.9,74.47,75.56,3621439,SWKS
2015-01-21,75.6,77.34,75.02,77.3,3158254,SWKS
2015-01-22,77.8,79.42,75.57,79.33,6670132,SWKS
2015-01-23,78.41,82.78,78.26,80.86,7677459,SWKS
2015-01-26,80.86,82.5,79.65,82.48,3533830,SWKS
2015-01-27,81.24,82.5,81.11,81.52,3332553,SWKS
2015-01-28,83.5,83.95,81.65,81.83,4507284,SWKS
2015-01-29,82.22,84.55,81.4,84.19,4108249,SWKS
2015-01-30,84.0,84.95,82.95,83.05,3505662,SWKS
2015-02-02,83.07,83.73,80.15,82.02,4119001,SWKS
2015-02-03,81.89,82.9,80.72,82.27,2789965,SWKS
2015-02-04,81.43,82.85,81.38,82.3,2420170,SWKS
2015-02-05,82.6,82.6,80.52,81.4,3303044,SWKS
2015-02-06,81.38,83.04,80.69,81.44,2928754,SWKS
2015-02-09,80.63,80.87,77.2,79.08,5478454,SWKS
2015-02-10,80.12,81.76,78.86,81.64,3230211,SWKS
2015-02-11,82.06,82.73,81.2,82.36,2444915,SWKS
2015-02-12,83.08,83.25,81.46,82.42,2251329,SWKS
2015-02-13,82.94,82.98,80.84,81.85,2637773,SWKS
2015-02-17,81.68,82.98,81.45,82.74,1866990,SWKS
2015-02-18,82.87,82.97,81.91,82.555,1651907,SWKS
2015-02-19,82.47,83.33,82.19,83.055,1745593,SWKS
2015-02-20,82.81,84.4,82.81,84.3,2346006,SWKS
2015-02-23,84.89,86.09,84.15,86.005,3430063,SWKS
2015-02-24,86.0,88.27,84.9,88.18,3797214,SWKS
2015-02-25,88.25,88.93,87.28,87.73,3104877,SWKS
2015-02-26,88.45,89.689,87.32,88.58,3980996,SWKS
2015-02-27,88.94,89.38,87.32,87.75,2193527,SWKS
2015-03-02,88.24,91.21,88.12,91.13,3456635,SWKS
2015-03-03,90.96,91.22,88.61,88.74,4561110,SWKS
2015-03-04,88.52,90.2,87.65,90.155,2872007,SWKS
2015-03-05,90.55,91.84,90.28,91.55,3004539,SWKS
2015-03-06,91.47,91.82,89.82,90.75,3406889,SWKS
2015-03-09,90.95,92.4288,90.65,92.115,2618306,SWKS
2015-03-10,92.76,92.99,90.14,91.2,5344368,SWKS
2015-03-11,92.13,93.35,91.83,92.2,40723116,SWKS
2015-03-12,92.26,93.16,91.68,92.86,3997980,SWKS
2015-03-13,92.59,93.48,92.14,92.92,3659191,SWKS
2015-03-16,93.23,96.86,93.23,96.78,4697585,SWKS
2015-03-17,96.51,97.45,95.14,97.31,3404141,SWKS
2015-03-18,96.83,97.7,95.3501,97.12,3710833,SWKS
2015-03-19,97.45,99.78,97.25,99.57,4131618,SWKS
2015-03-20,100.14,102.2,99.75,102.05,4122700,SWKS
2015-03-23,102.25,102.77,101.68,101.76,3600442,SWKS
2015-03-24,101.94,102.7099,100.36,101.46,3644486,SWKS
2015-03-25,101.24,101.46,94.02,95.57,10500008,SWKS
2015-03-26,91.97,93.47,88.25,93.04,13850746,SWKS
2015-03-27,93.59,99.53,93.55,98.83,9735671,SWKS
2015-03-30,100.09,101.1,99.11,100.13,4715410,SWKS
2015-03-31,99.57,100.59,98.02,98.29,3861148,SWKS
2015-04-01,97.98,98.3,94.77,96.84,4613291,SWKS
2015-04-02,97.11,97.64,96.01,96.51,3025664,SWKS
2015-04-06,94.14,96.12,93.61,95.47,3263793,SWKS
2015-04-07,95.53,97.7,95.25,96.78,3088045,SWKS
2015-04-08,96.65,97.7,96.0801,97.47,2974678,SWKS
2015-04-09,97.24,99.94,97.06,99.84,3253064,SWKS
2015-04-10,99.87,100.43,98.8,99.64,2127956,SWKS
2015-04-13,99.5,100.5664,98.385,98.58,2450045,SWKS
2015-04-14,98.24,98.47,94.57,95.64,4966499,SWKS
2015-04-15,96.7,97.39,95.525,96.23,3041336,SWKS
2015-04-16,95.55,96.39,95.06,95.68,2606784,SWKS
2015-04-17,94.76,94.9,93.25,94.28,3517314,SWKS
2015-04-20,94.99,96.0,94.61,94.93,2304906,SWKS
2015-04-21,96.05,96.29,94.91,95.42,2075708,SWKS
2015-04-22,95.79,96.99,94.8,96.83,2454282,SWKS
2015-04-23,95.46,96.45,95.1,95.815,1914006,SWKS
2015-04-24,95.74,95.805,92.1,93.385,4133853,SWKS
2015-04-27,93.81,96.22,93.55,94.55,3831298,SWKS
2015-04-28,95.28,95.49,90.68,94.545,4526161,SWKS
2015-04-29,93.26,94.21,92.3,93.59,3534536,SWKS
2015-04-30,94.15,94.75,91.34,92.25,5306384,SWKS
2015-05-01,95.87,98.33,94.2,98.295,7376272,SWKS
2015-05-04,98.94,99.47,97.57,99.11,4707802,SWKS
2015-05-05,98.49,98.74,94.62,94.63,4777723,SWKS
2015-05-06,95.19,95.49,92.33,94.57,4255068,SWKS
2015-05-07,96.0,97.35,95.93,97.07,3199379,SWKS
2015-05-08,97.87,98.495,97.41,97.71,3028125,SWKS
2015-05-11,97.74,97.74,96.31,97.16,2035065,SWKS
2015-05-12,96.33,97.4,95.91,96.79,2022210,SWKS
2015-05-13,97.05,97.99,96.49,96.65,1618139,SWKS
2015-05-14,97.46,98.9,96.97,98.48,2222509,SWKS
2015-05-15,98.71,99.0,97.3099,97.56,2019718,SWKS
2015-05-18,97.83,103.75,97.67,103.03,6081111,SWKS
2015-05-19,103.75,105.99,103.32,103.99,5683165,SWKS
2015-05-20,104.55,105.15,103.1301,103.735,2683905,SWKS
2015-05-21,104.43,104.49,102.75,103.89,1947029,SWKS
2015-05-22,104.15,106.83,104.15,104.69,2966789,SWKS
2015-05-26,104.7,104.77,102.96,103.72,2204121,SWKS
2015-05-27,104.06,108.71,104.06,108.63,4782231,SWKS
2015-05-28,108.59,110.3905,106.95,107.65,3731997,SWKS
2015-05-29,108.57,109.86,107.721,109.36,3632602,SWKS
2015-06-01,110.38,111.6,109.18,109.45,2943457,SWKS
2015-06-02,109.55,109.5699,107.65,108.12,2338013,SWKS
2015-06-03,108.46,108.9,105.34,105.39,3723405,SWKS
2015-06-04,104.43,106.95,103.61,105.62,3655095,SWKS
2015-06-05,105.01,106.09,103.67,105.74,3529559,SWKS
2015-06-08,106.54,106.75,102.2,102.32,3547969,SWKS
2015-06-09,101.58,102.74,98.07,102.24,6186667,SWKS
2015-06-10,103.44,105.97,103.28,105.54,3554150,SWKS
2015-06-11,105.85,106.54,104.93,105.63,2529083,SWKS
2015-06-12,104.49,105.71,103.98,104.95,1672193,SWKS
2015-06-15,104.04,106.28,102.84,106.11,2465791,SWKS
2015-06-16,105.59,107.0,105.25,106.33,1899506,SWKS
2015-06-17,106.34,107.03,105.555,106.57,1943413,SWKS
2015-06-18,107.07,110.21,107.07,109.98,3606496,SWKS
2015-06-19,110.765,112.88,109.43,110.2,4114289,SWKS
2015-06-22,110.72,112.23,109.54,110.92,2253908,SWKS
2015-06-23,111.52,111.6,109.03,110.28,1886429,SWKS
2015-06-24,108.6,109.73,108.07,108.4,1982113,SWKS
2015-06-25,109.09,110.895,108.551,109.87,1923225,SWKS
2015-06-26,109.5,109.65,106.13,106.9,4270663,SWKS
2015-06-29,102.89,105.8,100.33,102.035,6050466,SWKS
2015-06-30,104.13,105.1,102.6,104.1,3931240,SWKS
2015-07-01,106.0,106.74,103.6,103.91,2395248,SWKS
2015-07-02,104.68,105.0,103.42,104.85,1805596,SWKS
2015-07-06,103.13,104.15,101.25,101.94,2944653,SWKS
2015-07-07,101.34,101.43,94.21,100.49,8426431,SWKS
2015-07-08,97.4,98.48,94.7,95.6,7241886,SWKS
2015-07-09,98.16,98.66,93.27,94.51,6788789,SWKS
2015-07-10,97.05,101.05,96.51,100.2,5566393,SWKS
2015-07-13,102.93,103.0,99.5635,100.49,4039731,SWKS
2015-07-14,101.18,102.4,100.13,102.03,2451058,SWKS
2015-07-15,102.26,102.37,100.29,100.9,1934583,SWKS
2015-07-16,101.48,102.53,100.11,102.37,2381550,SWKS
2015-07-17,102.9,103.32,101.5,102.91,2310056,SWKS
2015-07-20,104.19,105.41,102.98,103.14,3133802,SWKS
2015-07-21,103.13,104.14,102.07,103.97,2551790,SWKS
2015-07-22,97.47,100.13,96.0,99.64,6546728,SWKS
2015-07-23,102.49,105.0,100.5,103.12,5896534,SWKS
2015-07-24,106.43,106.5,97.44,97.71,10488695,SWKS
2015-07-27,96.1,96.3,92.26,93.49,6172730,SWKS
2015-07-28,94.82,96.53,93.21,95.68,3631263,SWKS
2015-07-29,95.74,96.1,93.65,95.19,3355421,SWKS
2015-07-30,95.19,97.05,93.56,96.76,4306320,SWKS
2015-07-31,96.83,97.215,95.18,95.67,7096726,SWKS
2015-08-03,95.17,95.75,91.63,92.78,5236206,SWKS
2015-08-04,90.89,91.0,85.07,88.69,12171326,SWKS
2015-08-05,86.63,90.57,86.63,88.96,4794161,SWKS
2015-08-06,89.99,89.99,84.33,85.98,6850733,SWKS
2015-08-07,85.25,88.4,85.01,88.36,5157998,SWKS
2015-08-10,89.9,91.45,88.581,91.03,4561492,SWKS
2015-08-11,88.53,91.14,87.68,88.97,4769907,SWKS
2015-08-12,86.88,90.59,86.5,89.9,4220432,SWKS
2015-08-13,90.12,91.53,89.42,89.64,2666155,SWKS
2015-08-14,89.04,89.378,87.6,89.1,2824967,SWKS
2015-08-17,88.59,91.0,88.155,90.93,2577166,SWKS
2015-08-18,90.8,90.9,85.15,85.7,5824293,SWKS
2015-08-19,86.54,88.22,85.35,87.23,5614964,SWKS
2015-08-20,85.89,86.88,82.42,82.44,5447557,SWKS
2015-08-21,80.17,82.0,78.22,79.07,7272181,SWKS
2015-08-24,71.01,84.8,70.8,80.51,12093517,SWKS
2015-08-25,85.38,86.65,80.31,80.56,5995581,SWKS
2015-08-26,83.52,86.28,81.56,86.15,5399076,SWKS
2015-08-27,88.94,90.08,86.62,89.77,5726405,SWKS
2015-08-28,88.48,89.97,87.57,88.62,3834721,SWKS
2015-08-31,87.87,89.79,87.29,87.35,3063328,SWKS
2015-09-01,84.49,86.33,82.4,83.05,4780330,SWKS
2015-09-02,85.08,85.74,83.51,85.74,2930134,SWKS
2015-09-03,86.31,87.44,85.04,85.34,2269133,SWKS
2015-09-04,84.03,85.5499,83.081,83.37,2880701,SWKS
2015-09-08,85.74,87.9,84.87,87.73,3614367,SWKS
2015-09-09,88.8,89.77,86.1686,86.42,3767207,SWKS
2015-09-10,86.99,89.43,86.51,88.07,3930851,SWKS
2015-09-11,87.4,88.64,86.55,88.16,2176599,SWKS
2015-09-14,90.06,90.67,89.09,89.5,3049501,SWKS
2015-09-15,89.82,91.857,89.695,91.66,3282921,SWKS
2015-09-16,91.64,91.88,90.13,91.52,2552813,SWKS
2015-09-17,91.17,92.63,90.23,90.74,2380581,SWKS
2015-09-18,89.0,90.84,88.64,89.37,3298719,SWKS
2015-09-21,90.22,91.09,88.58,89.22,2072954,SWKS
2015-09-22,87.58,88.48,86.3,86.7,3518398,SWKS
2015-09-23,86.73,89.04,86.17,88.12,2852033,SWKS
2015-09-24,87.31,87.79,84.43,86.35,4603898,SWKS
2015-09-25,88.6,89.72,86.5,87.77,3723654,SWKS
2015-09-28,87.43,88.105,82.671,82.71,3423041,SWKS
2015-09-29,82.5,84.99,82.0,82.85,3479905,SWKS
2015-09-30,84.11,85.25,82.73,84.21,3926216,SWKS
2015-10-01,83.98,84.03,81.51,83.37,4801510,SWKS
2015-10-02,81.89,84.08,81.11,84.06,3592397,SWKS
2015-10-05,84.49,84.75,81.8,81.87,4257148,SWKS
2015-10-06,81.84,82.49,74.51,80.71,15091109,SWKS
2015-10-07,81.16,83.65,79.84,83.61,5818296,SWKS
2015-10-08,82.91,83.04,77.3,79.43,7537274,SWKS
2015-10-09,79.56,80.26,78.45,79.5,3301764,SWKS
2015-10-12,79.93,80.5,78.86,79.59,2655135,SWKS
2015-10-13,78.99,79.55,77.39,77.47,3186919,SWKS
2015-10-14,77.19,78.82,75.8396,77.82,4586520,SWKS
2015-10-15,78.72,80.75,78.41,80.24,4519077,SWKS
2015-10-16,80.27,80.29,78.71,79.6,2485711,SWKS
2015-10-19,79.15,79.9099,77.41,77.83,2587562,SWKS
2015-10-20,77.47,78.55,76.74,78.29,3171976,SWKS
2015-10-21,78.71,79.24,77.59,77.67,3327561,SWKS
2015-10-22,78.97,81.72,78.7,81.69,4254819,SWKS
2015-10-23,82.75,83.18,81.39,82.55,2976557,SWKS
2015-10-26,81.0,81.0,77.0,77.91,5660585,SWKS
2015-10-27,77.0,79.17,75.51,76.31,4922836,SWKS
2015-10-28,77.9,79.02,76.45,77.5,6349478,SWKS
2015-10-29,74.77,76.39,74.01,74.63,4783267,SWKS
2015-10-30,75.07,77.7,74.69,77.24,4138679,SWKS
2015-11-02,77.28,79.56,77.17,79.3,3297363,SWKS
2015-11-03,79.01,79.36,77.5,79.08,3200225,SWKS
2015-11-04,79.67,80.34,78.8701,80.18,3423486,SWKS
2015-11-05,80.93,81.2,78.82,80.28,5120350,SWKS
2015-11-06,84.04,86.92,83.11,85.99,7145545,SWKS
2015-11-09,85.85,85.85,83.81,84.89,4468253,SWKS
2015-11-10,81.15,81.35,79.75,80.37,5691355,SWKS
2015-11-11,81.67,81.7499,79.04,79.1,3350375,SWKS
2015-11-12,78.78,78.8,75.8,75.84,4735862,SWKS
2015-11-13,75.71,76.2499,74.16,74.83,3278341,SWKS
2015-11-16,74.6,75.64,73.6506,75.28,3238250,SWKS
2015-11-17,75.47,77.79,75.33,77.15,3131683,SWKS
2015-11-18,77.63,80.54,77.19,80.41,4021311,SWKS
2015-11-19,80.2,80.24,77.16,78.0,2914205,SWKS
2015-11-20,78.56,79.4,77.65,78.57,2368282,SWKS
2015-11-23,78.91,78.91,77.511,77.72,1616911,SWKS
2015-11-24,78.25,80.1,77.81,79.72,3537615,SWKS
2015-11-25,79.93,80.48,79.02,80.31,3182987,SWKS
2015-11-27,80.63,82.125,80.0006,81.9,1556839,SWKS
2015-11-30,81.89,83.19,80.77,83.02,3607084,SWKS
2015-12-01,83.63,84.49,83.28,83.76,3725047,SWKS
2015-12-02,83.95,85.78,83.3,84.63,3429774,SWKS
2015-12-03,86.71,87.1,83.13,83.44,4183687,SWKS
2015-12-04,83.24,88.52,82.13,87.92,5119096,SWKS
2015-12-07,87.92,87.99,86.17,86.69,2867920,SWKS
2015-12-08,85.43,87.77,84.5,87.1,3000363,SWKS
2015-12-09,86.53,86.74,83.92,84.68,4055055,SWKS
2015-12-10,84.51,86.18,84.17,84.89,2573662,SWKS
2015-12-11,83.07,83.56,80.806,81.43,4162728,SWKS
2015-12-14,79.64,79.99,76.45,78.505,6047213,SWKS
2015-12-15,78.18,78.78,76.85,77.78,4571332,SWKS
2015-12-16,78.25,79.46,77.134,78.97,3020748,SWKS
2015-12-17,79.82,80.63,77.7601,77.8,2298624,SWKS
2015-12-18,77.23,78.44,76.15,76.38,3788177,SWKS
2015-12-21,77.5,78.42,76.4,78.42,2287394,SWKS
2015-12-22,78.81,79.11,76.71,78.41,2586166,SWKS
2015-12-23,78.86,79.86,77.66,79.17,1919692,SWKS
2015-12-24,79.17,80.48,79.0,79.32,1022734,SWKS
2015-12-28,78.81,79.8989,77.57,79.31,3210343,SWKS
2015-12-29,79.43,81.35,79.08,80.43,2437690,SWKS
2015-12-30,80.18,80.93,79.15,79.19,1368825,SWKS
2015-12-31,78.91,79.25,76.8,76.83,2341330,SWKS
2016-01-04,75.01,78.0,74.91,77.93,3848005,SWKS
2016-01-05,78.04,78.12,72.78,73.29,6010972,SWKS
2016-01-06,71.55,72.06,68.33,69.15,8047303,SWKS
2016-01-07,66.6,70.28,66.1,67.16,7120079,SWKS
2016-01-08,68.56,69.12,66.55,66.89,7170980,SWKS
2016-01-11,67.18,68.0,64.93,66.05,5140186,SWKS
2016-01-12,66.72,67.81,65.06,66.63,3352393,SWKS
2016-01-13,64.2,65.66,61.9,62.16,7247222,SWKS
2016-01-14,62.01,65.14,60.07,64.54,5674198,SWKS
2016-01-15,61.1,62.45,59.92,60.67,6045114,SWKS
2016-01-19,62.38,63.34,59.8727,60.38,4928361,SWKS
2016-01-20,59.37,62.31,58.5,61.62,5997313,SWKS
2016-01-21,62.23,64.73,61.52,63.29,4253051,SWKS
2016-01-22,65.0,67.42,64.97,67.03,5714318,SWKS
2016-01-25,66.85,66.92,65.492,65.59,3068996,SWKS
2016-01-26,65.75,67.04,64.99,65.8,2789449,SWKS
2016-01-27,65.68,66.46,61.705,62.14,5848291,SWKS
2016-01-28,62.77,64.9,62.61,64.79,7098877,SWKS
2016-01-29,68.82,69.77,66.22,68.92,8200661,SWKS
2016-02-01,68.18,70.39,67.52,69.62,4726274,SWKS
2016-02-02,69.07,69.2,66.38,66.48,3834888,SWKS
2016-02-03,67.8,68.79,64.88,66.19,4894048,SWKS
2016-02-04,66.58,66.79,65.12,66.0,4337281,SWKS
2016-02-05,64.87,65.85,61.0,62.16,6333707,SWKS
2016-02-08,60.81,61.19,58.23,59.3,5708661,SWKS
2016-02-09,58.24,60.08,57.46,57.7,4610779,SWKS
2016-02-10,58.68,59.76,57.01,57.2,3450110,SWKS
2016-02-11,56.1,56.97,54.5,55.85,6580130,SWKS
2016-02-12,57.06,57.96,56.01,57.63,3899524,SWKS
2016-02-16,59.27,62.44,59.14,61.44,4853515,SWKS
2016-02-17,61.82,64.88,61.57,63.71,4505680,SWKS
2016-02-18,64.43,64.4899,61.1,62.07,2995938,SWKS
2016-02-19,61.51,63.501,61.29,63.03,3374735,SWKS
2016-02-22,63.6,65.19,63.29,64.29,3207155,SWKS
2016-02-23,63.74,63.7599,62.07,62.62,2455727,SWKS
2016-02-24,61.58,63.86,61.11,63.71,2673219,SWKS
2016-02-25,63.53,64.56,62.59,64.55,2550012,SWKS
2016-02-26,65.08,65.4,64.43,64.9,2227082,SWKS
2016-02-29,65.88,68.79,65.5417,66.45,5593641,SWKS
2016-03-01,67.62,70.42,67.035,70.4,4636584,SWKS
2016-03-02,69.94,70.85,68.45,68.98,3967780,SWKS
2016-03-03,68.42,70.49,68.3,70.1,4119292,SWKS
2016-03-04,71.18,75.11,70.3301,73.01,7334848,SWKS
2016-03-07,72.16,74.7295,71.808,72.92,4225457,SWKS
2016-03-08,72.0,72.1,69.25,69.91,4802428,SWKS
2016-03-09,70.32,71.91,69.96,71.02,3002489,SWKS
2016-03-10,71.5,72.36,68.58,69.97,3640525,SWKS
2016-03-11,70.83,72.8,70.62,72.77,3359207,SWKS
2016-03-14,72.17,73.21,71.52,72.79,3010484,SWKS
2016-03-15,73.52,74.4,72.35,73.61,3822398,SWKS
2016-03-16,73.0,75.05,72.9,75.0,4198958,SWKS
2016-03-17,74.26,75.16,73.08,74.92,5458909,SWKS
2016-03-18,75.41,77.125,74.86,77.02,4479673,SWKS
2016-03-21,76.68,77.24,75.43,77.21,2554432,SWKS
2016-03-22,76.1,77.0,75.61,76.89,2425316,SWKS
2016-03-23,76.45,76.7199,75.83,76.3,2946051,SWKS
2016-03-24,75.57,76.24,75.01,76.2,2286612,SWKS
2016-03-28,76.44,77.18,75.72,76.92,2114809,SWKS
2016-03-29,74.51,76.88,73.61,76.47,4270034,SWKS
2016-03-30,76.99,78.22,76.8,77.85,2690120,SWKS
2016-03-31,77.61,78.29,77.31,77.9,2950156,SWKS
2016-04-01,77.16,78.23,76.32,78.18,2015674,SWKS
2016-04-04,78.36,78.46,76.44,77.5,2054273,SWKS
2016-04-05,76.45,77.3799,76.14,77.07,2075133,SWKS
2016-04-06,76.87,78.45,75.22,78.21,2532024,SWKS
2016-04-07,77.58,77.715,76.57,77.31,4515614,SWKS
2016-04-08,78.0,78.11,76.6,77.36,4375290,SWKS
2016-04-11,77.73,78.0,76.02,76.07,2003543,SWKS
2016-04-12,76.23,76.35,73.66,74.64,3768372,SWKS
2016-04-13,75.26,77.22,75.0,77.07,2004727,SWKS
2016-04-14,75.89,76.9,74.59,76.77,2422511,SWKS
2016-04-15,76.64,77.16,74.95,75.06,3255556,SWKS
2016-04-18,74.4,75.21,73.9,74.74,2340154,SWKS
2016-04-19,75.15,75.15,71.88,72.23,3745298,SWKS
2016-04-20,71.84,73.51,70.89,72.84,3110214,SWKS
2016-04-21,72.59,72.79,71.07,71.69,2909302,SWKS
2016-04-22,71.58,72.15,70.56,71.5,2645134,SWKS
2016-04-25,71.03,71.47,70.01,70.72,2589414,SWKS
2016-04-26,71.34,72.5,71.03,71.7,2557137,SWKS
2016-04-27,68.68,72.84,68.48,72.32,6350460,SWKS
2016-04-28,71.88,73.59,71.31,71.78,4429223,SWKS
2016-04-29,70.42,72.01,66.043,66.82,8591989,SWKS
2016-05-02,66.77,67.28,65.7,67.12,3873318,SWKS
2016-05-03,66.94,67.39,66.5425,67.02,3413557,SWKS
2016-05-04,66.49,67.01,64.78,65.23,2505886,SWKS
2016-05-05,66.12,66.19,64.25,64.35,2815551,SWKS
2016-05-06,64.2,64.65,62.6201,64.63,3016322,SWKS
2016-05-09,64.42,65.5666,64.42,65.05,2494293,SWKS
2016-05-10,64.9,65.11,63.75,64.86,2398645,SWKS
2016-05-11,64.66,65.31,64.35,64.59,2168599,SWKS
2016-05-12,64.85,64.95,60.92,61.66,5182256,SWKS
2016-05-13,60.97,62.24,60.43,60.75,4892430,SWKS
2016-05-16,61.11,62.86,60.9552,62.42,3261553,SWKS
2016-05-17,62.13,63.58,61.94,62.31,3119249,SWKS
2016-05-18,62.1,64.36,62.01,63.57,2633155,SWKS
2016-05-19,63.0,63.84,61.8302,62.8,2578672,SWKS
2016-05-20,63.47,64.8,62.91,64.56,2237159,SWKS
2016-05-23,65.85,67.46,65.76,65.81,3368119,SWKS
2016-05-24,66.07,66.67,65.85,66.46,2768025,SWKS
2016-05-25,66.45,66.7849,65.11,66.27,2389482,SWKS
2016-05-26,66.0,66.8,65.89,66.17,1699697,SWKS
2016-05-27,65.93,66.55,65.81,66.5,1128047,SWKS
2016-05-31,66.32,67.1,66.3,66.76,1756841,SWKS
2016-06-01,66.37,67.64,66.37,67.27,2039751,SWKS
2016-06-02,67.03,67.56,66.26,66.58,2172276,SWKS
2016-06-03,67.74,68.5,66.27,66.94,3682635,SWKS
2016-06-06,66.94,67.26,66.06,66.11,1938338,SWKS
2016-06-07,66.39,68.96,66.17,68.67,3066195,SWKS
2016-06-08,68.53,68.98,67.7101,68.38,2093035,SWKS
2016-06-09,66.5,68.09,66.35,67.97,2504938,SWKS
2016-06-10,66.91,67.08,65.42,65.55,2416971,SWKS
2016-06-13,65.02,66.13,64.821,64.96,1252998,SWKS
2016-06-14,64.75,65.19,64.01,65.01,1570210,SWKS
2016-06-15,65.19,65.51,64.76,64.99,1597124,SWKS
2016-06-16,64.25,64.94,63.36,64.78,1734401,SWKS
2016-06-17,64.74,64.74,63.31,63.97,2401411,SWKS
2016-06-20,64.95,66.62,64.74,65.95,3590147,SWKS
2016-06-21,66.14,67.1,65.34,65.46,1638437,SWKS
2016-06-22,65.41,66.77,65.29,65.35,1833720,SWKS
2016-06-23,66.23,67.23,65.83,67.21,1462904,SWKS
2016-06-24,64.0,65.09,61.37,61.61,3913497,SWKS
2016-06-27,60.16,60.8,57.1106,58.01,5201846,SWKS
2016-06-28,59.29,60.77,59.13,60.26,3095503,SWKS
2016-06-29,61.08,62.23,60.75,61.73,2156164,SWKS
2016-06-30,62.03,63.31,61.675,63.28,3375732,SWKS
2016-07-01,62.48,63.22,61.87,62.6,2110214,SWKS
2016-07-05,60.67,60.74,58.08,58.82,3668120,SWKS
2016-07-06,58.25,59.26,57.19,59.16,3848006,SWKS
2016-07-07,59.39,61.2,59.3447,60.89,2860688,SWKS
2016-07-08,61.67,63.15,61.52,62.91,2299126,SWKS
2016-07-11,63.6,65.2,63.57,64.64,2179220,SWKS
2016-07-12,65.49,66.42,65.21,65.8,2076660,SWKS
2016-07-13,66.44,66.48,65.08,65.35,1940294,SWKS
2016-07-14,66.31,67.6,65.48,67.39,2089231,SWKS
2016-07-15,67.72,67.74,67.02,67.39,1791446,SWKS
2016-07-18,68.18,68.95,67.71,68.7,1951383,SWKS
2016-07-19,68.33,68.55,67.81,68.33,1464367,SWKS
2016-07-20,68.47,69.8,67.96,69.49,3220759,SWKS
2016-07-21,70.0,71.33,69.76,70.92,5387437,SWKS
2016-07-22,66.74,67.15,62.4001,64.81,12772246,SWKS
2016-07-25,64.99,65.52,64.68,64.94,4223741,SWKS
2016-07-26,65.36,66.38,64.05,65.87,4316855,SWKS
2016-07-27,68.14,68.19,66.22,66.47,4701466,SWKS
2016-07-28,66.17,66.59,65.2,66.47,2332068,SWKS
2016-07-29,66.48,66.7,65.5,66.02,1576995,SWKS
2016-08-01,65.92,66.8724,65.8,66.14,2073405,SWKS
2016-08-02,65.57,65.96,64.431,65.04,2304121,SWKS
2016-08-03,63.33,65.03,63.3,64.39,3477207,SWKS
2016-08-04,64.45,65.26,64.02,65.16,3069764,SWKS
2016-08-05,65.59,66.57,65.14,66.55,2178465,SWKS
2016-08-08,66.57,67.22,65.72,65.94,1236290,SWKS
2016-08-09,66.45,67.64,66.33,67.0,1725275,SWKS
2016-08-10,67.03,67.04,65.7,66.41,1385441,SWKS
2016-08-11,66.38,67.58,66.22,67.41,1580804,SWKS
2016-08-12,67.45,67.85,67.0101,67.53,1452201,SWKS
2016-08-15,67.61,69.59,67.55,69.5,2218252,SWKS
2016-08-16,69.35,69.81,68.6001,69.6,2404305,SWKS
2016-08-17,69.7,70.42,69.2,70.19,3107157,SWKS
2016-08-18,70.48,72.06,70.29,71.8,3745472,SWKS
2016-08-19,71.56,73.4,71.56,72.29,3110033,SWKS
2016-08-22,72.34,72.889,71.94,72.62,1735799,SWKS
2016-08-23,73.13,73.8999,72.885,73.78,1771657,SWKS
2016-08-24,73.95,74.309,72.98,73.29,2138832,SWKS
2016-08-25,73.16,74.75,73.11,74.33,2791263,SWKS
2016-08-26,74.35,75.0,73.74,74.84,2630334,SWKS
2016-08-29,74.79,75.65,74.5,75.22,2021934,SWKS
2016-08-30,74.4,75.79,73.84,74.2,3899207,SWKS
2016-08-31,74.13,75.24,73.9,74.86,2114706,SWKS
2016-09-01,74.79,75.19,74.21,75.09,2095130,SWKS
2016-09-02,75.25,75.43,74.21,74.62,1509550,SWKS
2016-09-06,74.29,74.515,72.25,73.01,4263577,SWKS
2016-09-07,73.18,73.765,71.572,72.05,3401154,SWKS
2016-09-08,71.93,71.94,70.84,71.43,3039400,SWKS
2016-09-09,70.51,70.69,66.06,66.76,7590724,SWKS
2016-09-12,66.0,68.5825,65.76,68.34,4484140,SWKS
2016-09-13,68.5,70.45,68.25,69.36,4815760,SWKS
2016-09-14,69.73,72.43,69.51,72.4,5309118,SWKS
2016-09-15,73.0,77.25,72.98,77.02,7857983,SWKS
2016-09-16,77.15,77.24,75.0,76.07,5447708,SWKS
2016-09-19,76.74,77.88,75.79,76.09,2554484,SWKS
2016-09-20,76.3,76.365,75.02,75.72,2729242,SWKS
2016-09-21,76.19,77.0,75.7,76.74,2552409,SWKS
2016-09-22,77.28,77.44,76.37,76.9,1736463,SWKS
2016-09-23,76.68,76.91,74.06,74.77,3570296,SWKS
2016-09-26,73.94,74.42,72.73,72.82,3044648,SWKS
2016-09-27,72.95,73.97,72.35,73.92,2409435,SWKS
2016-09-28,74.84,75.64,73.85,74.27,1938098,SWKS
2016-09-29,73.79,74.43,72.06,73.26,3419777,SWKS
2016-09-30,73.91,76.32,73.88,76.14,4110161,SWKS
2016-10-03,75.76,76.77,75.1612,75.33,2286040,SWKS
2016-10-04,75.4,77.17,75.4,76.59,2961977,SWKS
2016-10-05,77.15,78.19,76.81,77.75,2111332,SWKS
2016-10-06,78.18,79.42,77.71,79.34,2603949,SWKS
2016-10-07,79.36,79.57,77.63,79.37,2985327,SWKS
2016-10-10,79.78,81.19,79.61,80.15,2328142,SWKS
2016-10-11,80.71,82.275,78.66,79.43,5012654,SWKS
2016-10-12,79.46,79.51,78.15,78.82,2056111,SWKS
2016-10-13,77.98,78.025,76.2,77.41,2204784,SWKS
2016-10-14,77.86,79.49,77.44,77.63,2067851,SWKS
2016-10-17,77.63,78.14,76.48,76.7,1726865,SWKS
2016-10-18,78.1,78.3733,77.53,77.65,1112164,SWKS
2016-10-19,77.19,78.03,76.77,77.91,1072172,SWKS
2016-10-20,77.72,78.5,77.05,78.09,1264733,SWKS
2016-10-21,77.75,78.09,76.87,77.47,1900479,SWKS
2016-10-24,78.01,79.19,78.01,78.49,1727971,SWKS
2016-10-25,78.18,79.14,77.91,78.08,1669647,SWKS
2016-10-26,77.44,78.69,77.19,77.54,2190421,SWKS
2016-10-27,78.18,78.58,77.05,77.26,1460728,SWKS
2016-10-28,77.91,77.99,75.62,75.72,2715625,SWKS
2016-10-31,75.95,77.26,75.02,76.94,1886394,SWKS
2016-11-01,76.92,77.76,74.76,75.81,1783271,SWKS
2016-11-02,75.65,76.37,74.82,75.03,1681778,SWKS
2016-11-03,74.65,76.82,74.39,74.67,3566745,SWKS
2016-11-04,72.6,76.865,72.5,75.07,5718645,SWKS
2016-11-07,76.67,77.3,75.3,77.24,2703052,SWKS
2016-11-08,76.86,78.02,76.01,77.33,2209180,SWKS
2016-11-09,74.79,78.24,74.5,77.66,3458092,SWKS
2016-11-10,77.89,79.49,74.77,75.91,3267582,SWKS
2016-11-11,76.0,77.89,74.2,74.51,4015186,SWKS
2016-11-14,74.79,74.82,73.59,74.04,2614918,SWKS
2016-11-15,74.18,76.25,73.725,75.93,2101460,SWKS
2016-11-16,75.36,76.48,75.0,76.12,1631371,SWKS
2016-11-17,76.15,77.975,75.688,77.95,1616791,SWKS
2016-11-18,77.82,78.94,76.915,78.21,2190012,SWKS
2016-11-21,78.46,79.13,78.2,78.93,1526877,SWKS
2016-11-22,79.39,80.14,78.99,79.36,1218603,SWKS
2016-11-23,79.21,79.51,78.02,78.31,1585165,SWKS
2016-11-25,78.27,78.31,76.49,77.01,1174799,SWKS
2016-11-28,77.06,77.84,75.82,77.3,1807043,SWKS
2016-11-29,77.09,77.72,76.28,77.22,1721670,SWKS
2016-11-30,77.49,77.79,76.4383,76.85,1595434,SWKS
2016-12-01,76.92,77.07,71.65,71.78,4086921,SWKS
2016-12-02,71.69,73.445,71.65,73.34,1927115,SWKS
2016-12-05,73.72,74.98,73.49,74.82,2899638,SWKS
2016-12-06,75.33,76.55,74.82,76.17,3299041,SWKS
2016-12-07,75.78,77.66,74.25,77.34,2471531,SWKS
2016-12-08,77.3,79.74,76.98,79.52,2716780,SWKS
2016-12-09,80.6,81.04,75.65,76.93,4750178,SWKS
2016-12-12,76.36,77.08,75.37,76.26,2303202,SWKS
2016-12-13,76.8,77.63,75.95,76.88,1714312,SWKS
2016-12-14,76.49,77.0,74.62,75.14,2620883,SWKS
2016-12-15,75.21,77.83,74.63,77.21,2331317,SWKS
2016-12-16,77.51,78.59,76.67,76.81,2335513,SWKS
2016-12-19,76.95,78.33,76.91,77.44,1116640,SWKS
2016-12-20,77.52,77.79,76.3198,76.61,1339694,SWKS
2016-12-21,76.66,77.15,76.01,77.07,1494894,SWKS
2016-12-22,77.93,78.33,77.0,78.15,1705611,SWKS
2016-12-23,78.22,78.45,77.62,78.03,826697,SWKS
2016-12-27,77.9,78.83,77.66,78.33,718325,SWKS
2016-12-28,78.47,78.6,76.91,77.03,1070610,SWKS
2016-12-29,76.74,77.12,75.63,76.56,1165128,SWKS
2016-12-30,76.83,76.83,74.32,74.66,1844970,SWKS
2017-01-03,75.22,76.24,74.4,75.15,2609426,SWKS
2017-01-04,75.46,75.655,74.5,74.99,1683879,SWKS
2017-01-05,74.66,75.38,73.94,74.57,1832555,SWKS
2017-01-06,74.82,75.48,74.32,74.96,1609218,SWKS
2017-01-09,75.96,76.96,75.23,75.65,2331287,SWKS
2017-01-10,75.69,77.52,75.66,77.31,1768561,SWKS
2017-01-11,77.33,78.72,76.51,78.41,2119898,SWKS
2017-01-12,76.2,76.91,74.67,76.75,4265199,SWKS
2017-01-13,76.91,78.49,76.69,78.33,1963387,SWKS
2017-01-17,77.64,78.43,76.485,76.89,2392146,SWKS
2017-01-18,77.39,79.27,77.16,79.27,3106093,SWKS
2017-01-19,78.87,79.45,78.1805,78.46,4062382,SWKS
2017-01-20,85.0,88.9,84.69,88.67,15776664,SWKS
2017-01-23,88.87,91.07,87.72,90.17,6523246,SWKS
2017-01-24,90.31,92.74,90.31,92.27,4553330,SWKS
2017-01-25,93.0,93.78,91.32,91.87,3223492,SWKS
2017-01-26,92.0,92.64,90.94,91.01,2344718,SWKS
2017-01-27,91.55,92.44,91.25,92.01,1706221,SWKS
2017-01-30,91.43,93.08,90.22,92.99,2482193,SWKS
2017-01-31,92.32,92.479,90.28,91.74,2486505,SWKS
2017-02-01,93.54,94.49,91.31,91.74,3804797,SWKS
2017-02-02,90.8,91.535,90.06,91.11,2524583,SWKS
2017-02-03,91.32,91.91,90.88,91.56,1272523,SWKS
2017-02-06,91.45,91.58,90.71,91.39,1458764,SWKS
2017-02-07,91.4,92.2,91.17,91.78,1305566,SWKS
2017-02-08,91.61,92.34,90.94,91.69,1861650,SWKS
2017-02-09,92.07,93.1299,91.24,92.47,2753403,SWKS
2017-02-10,92.73,92.75,91.41,92.21,1947332,SWKS
2017-02-13,92.69,93.3,92.27,92.63,1290117,SWKS
2017-02-14,92.32,92.48,90.53,91.8,1610538,SWKS
2017-02-15,92.02,92.61,91.25,92.13,1562561,SWKS
2017-02-16,92.34,92.56,91.6,92.43,1287095,SWKS
2017-02-17,92.24,96.67,91.92,96.35,5406554,SWKS
2017-02-21,96.63,97.51,95.7,96.57,2578203,SWKS
2017-02-22,96.49,97.17,96.04,96.71,1397948,SWKS
2017-02-23,96.86,96.94,94.3,95.31,1640306,SWKS
2017-02-24,94.24,95.0,93.02,94.7,1448447,SWKS
2017-02-27,94.54,95.68,93.85,95.63,1243010,SWKS
2017-02-28,95.61,95.85,94.0,94.81,1722652,SWKS
2017-03-01,95.97,97.15,94.37,96.74,2322497,SWKS
2017-03-02,96.98,97.57,94.71,94.76,2348763,SWKS
2017-03-03,95.03,95.32,94.16,94.92,1505851,SWKS
2017-03-06,94.21,95.71,93.425,95.45,3186353,SWKS
2017-03-07,95.22,95.49,94.207,95.05,1545443,SWKS
2017-03-08,96.36,96.91,95.39,96.69,4069504,SWKS
2017-03-09,96.21,97.67,95.06,97.14,2826163,SWKS
2017-03-10,97.74,98.7,97.5,98.18,2259550,SWKS
2017-03-13,98.48,99.34,98.06,99.04,2399531,SWKS
2017-03-14,98.74,98.94,97.95,98.79,1214414,SWKS
2017-03-15,98.71,99.38,98.12,99.11,1528958,SWKS
2017-03-16,99.22,99.22,98.0,98.11,1796943,SWKS
2017-03-17,98.51,98.61,97.51,97.93,2423569,SWKS
2017-03-20,97.95,98.81,97.15,98.19,1290754,SWKS
2017-03-21,98.37,98.64,95.34,95.52,1804767,SWKS
2017-03-22,95.47,96.78,94.59,96.74,1736058,SWKS
2017-03-23,96.54,97.29,96.0278,96.5,1111649,SWKS
2017-03-24,97.36,98.35,96.88,97.3,1270823,SWKS
2017-03-27,96.41,97.714,95.33,97.19,1203234,SWKS
2017-03-28,97.31,98.7,96.55,97.93,1152861,SWKS
2017-03-29,97.85,97.85,97.0,97.23,1088837,SWKS
2017-03-30,97.29,98.5,97.06,98.14,1200076,SWKS
2017-03-31,98.31,98.49,97.71,97.98,1065287,SWKS
2017-04-03,98.15,98.48,96.95,97.72,1149443,SWKS
2017-04-04,98.68,100.7,98.14,99.35,2907723,SWKS
2017-04-05,99.56,100.58,98.6101,98.89,2024960,SWKS
2017-04-06,98.97,99.81,97.7313,99.42,1388186,SWKS
2017-04-07,99.43,102.64,99.11,101.82,3972942,SWKS
2017-04-10,101.9,102.54,100.66,101.53,1994143,SWKS
2017-04-11,100.5,100.815,99.11,100.14,2914741,SWKS
2017-04-12,100.23,100.4,96.98,97.59,3726969,SWKS
2017-04-13,96.82,99.44,96.15,97.47,2097643,SWKS
2017-04-17,97.92,98.88,97.92,98.76,927867,SWKS
2017-04-18,98.18,99.596,98.05,99.03,1564127,SWKS
2017-04-19,99.8,100.6,99.09,99.24,1695821,SWKS
2017-04-20,99.5,101.88,99.35,101.63,1900532,SWKS
2017-04-21,101.56,101.76,100.35,101.6,1530427,SWKS
2017-04-24,103.0,105.34,102.67,103.91,3582970,SWKS
2017-04-25,104.26,104.79,103.96,104.0,2726777,SWKS
2017-04-26,104.3,104.3,102.07,102.97,2170002,SWKS
2017-04-27,103.42,104.38,103.05,104.2,3035082,SWKS
2017-04-28,102.79,104.33,99.57,99.74,4690246,SWKS
2017-05-01,100.26,100.81,98.51,99.81,2295236,SWKS
2017-05-02,100.0,100.73,99.33,100.67,1759863,SWKS
2017-05-03,100.18,101.78,99.6,101.43,2382868,SWKS
2017-05-04,101.32,102.435,100.88,100.92,1514622,SWKS
2017-05-05,101.35,101.68,100.31,101.46,1113112,SWKS
2017-05-08,101.57,101.81,100.6,101.02,1102313,SWKS
2017-05-09,101.33,102.34,101.165,101.93,1094838,SWKS
2017-05-10,102.65,103.07,101.66,102.5,1240553,SWKS
2017-05-11,102.2,102.92,101.35,102.61,1089686,SWKS
2017-05-12,102.6,102.88,101.9,102.52,1032913,SWKS
2017-05-15,102.99,104.23,102.63,103.76,1293815,SWKS
2017-05-16,104.05,105.51,103.46,105.5,1686953,SWKS
2017-05-17,104.5,104.72,100.47,100.55,2079328,SWKS
2017-05-18,100.63,103.87,100.22,103.2,1889107,SWKS
2017-05-19,103.65,104.315,103.31,103.87,1236841,SWKS
2017-05-22,104.45,105.1,104.121,104.96,1214684,SWKS
2017-05-23,105.02,105.38,103.56,105.17,958695,SWKS
2017-05-24,105.49,105.98,104.7,105.42,970720,SWKS
2017-05-25,105.65,107.18,105.1338,106.04,1303718,SWKS
2017-05-26,106.0,106.34,104.5,105.89,1051595,SWKS
2017-05-30,105.8,107.25,105.77,106.36,753234,SWKS
2017-05-31,106.98,107.0,105.43,106.43,1468572,SWKS
2017-06-01,106.79,107.68,106.25,107.68,1649429,SWKS
2017-06-02,108.13,108.67,106.51,108.42,1577198,SWKS
2017-06-05,108.2,109.2,107.75,108.15,1300558,SWKS
2017-06-06,107.5,109.43,107.3,107.86,1121498,SWKS
2017-06-07,108.0,109.8,107.71,109.48,1527258,SWKS
2017-06-08,109.82,111.06,108.82,111.01,1526786,SWKS
2017-06-09,111.4,112.11,104.29,107.01,2974289,SWKS
2017-06-12,105.26,105.85,101.0,103.76,4118915,SWKS
2017-06-13,104.67,105.69,103.47,104.85,2062379,SWKS
2017-06-14,105.27,105.555,101.02,102.47,1701765,SWKS
2017-06-15,100.74,102.64,100.56,102.28,1675290,SWKS
2017-06-16,102.35,103.61,101.085,101.9,1923244,SWKS
2017-06-19,102.72,104.55,102.72,104.06,1239840,SWKS
2017-06-20,103.9,104.59,101.61,101.81,1377891,SWKS
2017-06-21,102.32,103.57,101.61,103.3,1123561,SWKS
2017-06-22,103.37,103.65,101.38,103.25,1309999,SWKS
2017-06-23,103.25,104.51,102.57,104.36,2462195,SWKS
2017-06-26,104.47,105.25,101.26,101.32,1947399,SWKS
2017-06-27,100.5,100.62,97.71,97.86,2896375,SWKS
2017-06-28,98.74,98.88,96.37,98.36,2328328,SWKS
2017-06-29,97.96,98.42,94.35,96.13,3107460,SWKS
2017-06-30,96.64,97.27,95.11,95.95,2194259,SWKS
2017-07-03,96.44,97.48,95.145,95.34,1180907,SWKS
2017-07-05,95.79,97.82,95.79,97.53,2346245,SWKS
2017-07-06,97.14,99.04,96.61,97.79,2241850,SWKS
2017-07-07,98.19,100.42,98.06,99.7,1556335,SWKS
2017-07-10,99.93,100.3,98.42,100.05,1295889,SWKS
2017-07-11,100.05,101.07,99.69,100.73,1375246,SWKS
2017-07-12,101.45,102.29,101.14,101.73,1605743,SWKS
2017-07-13,102.0,103.18,101.48,102.75,1682371,SWKS
2017-07-14,103.42,104.03,103.17,103.99,1352015,SWKS
2017-07-17,104.02,104.42,103.18,103.3,1693941,SWKS
2017-07-18,103.05,103.87,101.87,103.83,1281644,SWKS
2017-07-19,104.5,105.4975,104.06,105.41,1810622,SWKS
2017-07-20,106.18,108.21,105.5,107.64,4144552,SWKS
2017-07-21,106.73,107.98,105.23,107.47,3844869,SWKS
2017-07-24,107.65,107.73,105.37,105.86,3085999,SWKS
2017-07-25,106.39,106.74,104.71,106.39,1700099,SWKS
2017-07-26,107.0,107.94,106.3,107.33,1319676,SWKS
2017-07-27,107.61,108.555,105.55,107.0,3054552,SWKS
2017-07-28,106.64,107.15,105.42,105.76,1604629,SWKS
2017-07-31,106.37,106.51,104.39,104.87,1249299,SWKS
2017-08-01,105.11,105.38,103.5,104.28,2064363,SWKS
2017-08-02,106.82,106.98,103.35,104.43,2025188,SWKS
2017-08-03,104.43,104.53,101.29,101.79,2148488,SWKS
2017-08-04,101.67,103.65,101.0,102.55,1713466,SWKS
2017-08-07,102.29,104.7,102.29,104.5,1257224,SWKS
2017-08-08,104.5,105.98,104.25,104.73,1319283,SWKS
2017-08-09,103.7,105.07,103.5101,104.74,1012568,SWKS
2017-08-10,103.6,103.99,101.49,101.6,1650760,SWKS
2017-08-11,101.71,103.59,101.45,103.18,1051178,SWKS
2017-08-14,104.04,105.66,103.81,105.47,1252734,SWKS
2017-08-15,105.73,106.11,104.83,105.8,2056685,SWKS
2017-08-16,106.1,106.1,105.09,105.93,1018651,SWKS
2017-08-17,105.48,105.56,102.11,102.21,1617325,SWKS
2017-08-18,102.57,102.93,101.17,102.21,1139401,SWKS
2017-08-21,102.58,102.62,100.06,101.01,1365581,SWKS
2017-08-22,101.64,103.38,101.39,103.01,981179,SWKS
2017-08-23,102.53,103.03,102.21,102.71,861104,SWKS
2017-08-24,102.93,103.31,101.94,102.5,1131686,SWKS
2017-08-25,102.74,103.1268,101.5501,101.98,1105720,SWKS
2017-08-28,102.09,102.29,99.771,100.7,1952162,SWKS
2017-08-29,99.98,101.97,99.11,101.52,1137735,SWKS
2017-08-30,101.8,104.08,101.24,103.94,1602888,SWKS
2017-08-31,104.01,105.6,103.67,105.36,1412895,SWKS
2017-09-01,105.56,106.38,105.43,105.57,1106422,SWKS
2017-09-05,106.92,108.94,105.33,106.93,2198692,SWKS
2017-09-06,107.63,107.99,105.8,106.17,1469107,SWKS
2017-09-07,106.43,107.3,105.94,106.43,1394727,SWKS
2017-09-08,106.05,106.35,104.31,104.64,969549,SWKS
2017-09-11,105.7,107.4325,105.25,107.19,1268599,SWKS
2017-09-12,107.6,107.7499,106.6501,106.87,1029304,SWKS
2017-09-13,106.45,106.86,105.58,106.8,899307,SWKS
2017-09-14,105.78,108.11,105.77,107.08,1635944,SWKS
2017-09-15,107.06,109.7252,106.71,109.55,2366271,SWKS
2017-09-18,109.8,110.6068,107.375,107.49,2274571,SWKS
2017-09-19,107.89,108.6639,107.22,107.93,1091674,SWKS
2017-09-20,108.24,108.28,101.76,103.51,3559422,SWKS
2017-09-21,103.28,103.85,101.23,102.13,2126681,SWKS
2017-09-22,101.71,103.52,101.5001,103.08,1377378,SWKS
2017-09-25,102.17,102.17,98.7,99.59,2491273,SWKS
2017-09-26,100.36,100.75,98.97,99.35,2120500,SWKS
2017-09-27,100.49,101.97,99.88,101.6,1538207,SWKS
2017-09-28,101.31,101.94,100.52,101.24,1297622,SWKS
2017-09-29,101.34,102.0,100.82,101.9,1212294,SWKS
2017-10-02,102.16,102.86,101.25,102.28,1257110,SWKS
2017-10-03,102.28,103.05,101.7,102.61,796400,SWKS
2017-10-04,102.2,103.38,101.8,103.32,1363005,SWKS
2017-10-05,103.77,104.2,102.96,103.84,1117646,SWKS
2017-10-06,103.37,105.07,103.18,104.96,1453941,SWKS
2017-10-09,105.17,105.245,104.43,104.74,1026379,SWKS
2017-10-10,105.0,105.15,103.33,104.35,1031284,SWKS
2017-10-11,104.06,105.68,104.06,105.47,1152289,SWKS
2017-10-12,105.23,106.035,104.92,105.04,1103417,SWKS
2017-10-13,105.53,107.13,105.15,106.66,1253015,SWKS
2017-10-16,107.16,107.295,106.11,106.98,1099204,SWKS
2017-10-17,106.58,107.45,106.15,107.35,997495,SWKS
2017-10-18,107.56,107.82,105.72,107.34,1043951,SWKS
2017-10-19,105.4,105.445,101.67,103.32,3140260,SWKS
2017-10-20,104.47,105.31,103.85,105.15,1821575,SWKS
2017-10-23,105.66,106.1,104.47,104.77,1505508,SWKS
2017-10-24,104.73,106.04,104.25,105.21,1545472,SWKS
2017-10-25,104.91,105.99,103.38,104.57,1350161,SWKS
2017-10-26,104.99,105.74,104.75,105.52,1020924,SWKS
2017-10-27,106.29,108.37,105.75,107.91,2283576,SWKS
2017-10-30,108.4,112.3,108.13,112.0,2815215,SWKS
2017-10-31,112.4,114.8,111.4367,113.86,2809273,SWKS
2017-11-01,114.52,114.5999,110.5884,111.32,2614820,SWKS
2017-11-02,111.21,111.9,108.6,111.76,2401382,SWKS
2017-11-03,113.64,114.44,111.15,113.19,2758692,SWKS
2017-11-06,115.24,117.65,114.3,116.33,6242587,SWKS
2017-11-07,109.87,113.24,107.75,111.19,8180259,SWKS
2017-11-08,111.33,113.25,110.87,113.15,2773578,SWKS
2017-11-09,111.71,112.6,109.53,111.12,2161317,SWKS
2017-11-10,110.69,111.48,109.95,110.41,1921682,SWKS
2017-11-13,109.29,110.9,108.57,110.3,1203195,SWKS
2017-11-14,109.92,111.739,109.74,111.21,1454038,SWKS
2017-11-15,110.57,110.57,107.14,108.89,2097552,SWKS
2017-11-16,109.86,110.67,109.54,110.06,1459880,SWKS
2017-11-17,110.35,110.62,108.89,110.0,1378433,SWKS
2017-11-20,109.63,110.54,109.4,109.79,1163547,SWKS
2017-11-21,110.28,111.08,109.81,110.25,1638222,SWKS
2017-11-22,110.19,110.25,108.48,108.54,1537373,SWKS
2017-11-24,108.67,109.85,108.42,109.75,617129,SWKS
2017-11-27,109.2,109.21,107.14,107.22,1726607,SWKS
2017-11-28,107.43,107.88,106.2325,107.55,2073350,SWKS
2017-11-29,107.2,107.422,103.3813,105.33,2878750,SWKS
2017-11-30,105.47,106.27,104.2819,104.74,2817898,SWKS
2017-12-01,103.7,103.99,99.72,102.23,3225049,SWKS
2017-12-04,102.95,102.9883,98.23,98.26,3761180,SWKS
2017-12-05,97.71,99.58,95.36,97.6,2932845,SWKS
2017-12-06,95.15,97.12,93.05,96.47,5396996,SWKS
2017-12-07,98.15,98.3,95.13,96.68,3576633,SWKS
2017-12-08,97.94,98.3,95.79,96.28,2493811,SWKS
2017-12-11,96.16,97.02,95.88,96.98,1937212,SWKS
2017-12-12,96.24,97.22,95.01,96.47,2639674,SWKS
2017-12-13,97.07,97.5,95.59,95.86,1977730,SWKS
2017-12-14,95.51,96.0,93.6,94.09,3554298,SWKS
2017-12-15,94.51,95.49,93.58,94.63,3952724,SWKS
2017-12-18,95.0,96.24,94.63,95.84,2593478,SWKS
2017-12-19,95.83,96.5234,95.3,95.68,1837325,SWKS
2017-12-20,96.46,97.93,95.88,97.43,2096546,SWKS
2017-12-21,98.0,98.95,97.32,97.49,1960699,SWKS
2017-12-22,97.64,97.97,96.8,97.07,1511210,SWKS
2017-12-26,94.19,97.07,93.6,95.2,2378577,SWKS
2017-12-27,95.27,96.51,95.13,95.82,1420540,SWKS
2017-12-28,96.45,96.72,95.97,96.54,954427,SWKS
2017-12-29,96.49,96.71,94.93,94.95,1551630,SWKS
2018-01-02,96.0,98.5,95.12,98.43,2488212,SWKS
2018-01-03,98.73,100.49,98.54,99.93,2359389,SWKS
2018-01-04,100.61,100.96,99.1,100.77,1866762,SWKS
2018-01-05,101.12,102.08,100.15,101.23,1779449,SWKS
2018-01-08,100.85,101.755,100.09,101.25,1689298,SWKS
2018-01-09,101.54,101.8046,100.39,100.68,1694449,SWKS
2018-01-10,100.09,100.48,97.57,98.6,2316014,SWKS
2018-01-11,98.83,100.43,98.1,99.92,1595035,SWKS
2018-01-12,100.2,101.62,99.77,101.21,1751342,SWKS
2018-01-16,102.2,103.11,99.31,99.86,2515853,SWKS
2018-01-17,100.78,102.51,100.28,102.19,2119156,SWKS
2018-01-18,102.23,103.71,101.54,102.29,1974912,SWKS
2018-01-19,102.47,102.47,98.05,99.2,3317647,SWKS
2018-01-22,99.05,99.14,96.97,98.72,2345172,SWKS
2018-01-23,98.395,100.73,98.131,99.37,3096580,SWKS
2018-01-24,99.13,100.15,96.84,97.13,3342335,SWKS
2018-01-25,98.1,98.32,95.02,95.05,2945084,SWKS
2018-01-26,95.66,97.41,95.14,97.35,2698350,SWKS
2018-01-29,96.68,97.57,96.08,97.1,2896031,SWKS
2018-01-30,96.01,99.96,95.51,97.21,3111141,SWKS
2018-01-31,98.75,99.1,96.26,97.21,3235553,SWKS
2018-02-01,98.54,103.91,98.5,103.15,5172360,SWKS
2018-02-02,102.28,102.49,98.93,98.96,3767699,SWKS
2018-02-05,97.95,99.72,94.331,94.68,5451830,SWKS
2018-02-06,101.05,106.74,100.75,104.56,8628644,SWKS
2018-02-07,103.5,104.39,101.35,101.35,3704691,SWKS
